date,1. open,2. high,3. low,4. close,5. volume
2019-12-13 11:29:00,137.4,137.5,137.4,137.4,1797.0
2019-12-13 11:28:00,137.45,137.45,137.4,137.45,1972.0
2019-12-13 11:27:00,137.5,137.5,137.5,137.5,788.0
2019-12-13 11:26:00,137.5,137.55,137.5,137.55,410.0
2019-12-13 11:25:00,137.55,137.55,137.5,137.5,460.0
2019-12-13 11:24:00,137.5,137.5,137.5,137.5,2182.0
2019-12-13 11:23:00,137.45,137.45,137.45,137.45,273.0
2019-12-13 11:22:00,137.5,137.5,137.45,137.45,1659.0
2019-12-13 11:21:00,137.55,137.55,137.5,137.5,679.0
2019-12-13 11:20:00,137.6,137.65,137.6,137.65,1089.0
2019-12-13 11:19:00,137.65,137.65,137.65,137.65,8.0
2019-12-13 11:18:00,137.65,137.65,137.6,137.65,2103.0
2019-12-13 11:17:00,137.7,137.7,137.7,137.7,207.0
2019-12-13 11:16:00,137.65,137.65,137.65,137.65,771.0
2019-12-13 11:15:00,137.65,137.65,137.65,137.65,4.0
2019-12-13 11:14:00,137.7,137.7,137.65,137.65,455.0
2019-12-13 11:13:00,137.7,137.7,137.7,137.7,1035.0
2019-12-13 11:11:00,137.65,137.7,137.65,137.7,496.0
2019-12-13 11:10:00,137.65,137.65,137.65,137.65,94.0
2019-12-13 11:09:00,137.5,137.6,137.5,137.6,1425.0
2019-12-13 11:08:00,137.45,137.45,137.45,137.45,23.0
2019-12-13 11:07:00,137.5,137.5,137.45,137.45,882.0
2019-12-13 11:06:00,137.45,137.5,137.45,137.5,573.0
2019-12-13 11:05:00,137.4,137.4,137.4,137.4,476672.0
2019-12-13 11:03:00,137.4,137.4,137.4,137.4,0.0
2019-12-13 11:01:00,137.25,137.3,137.25,137.3,5113.0
2019-12-13 11:00:00,137.3,137.3,137.3,137.3,1475.0
2019-12-13 10:59:00,137.3,137.3,137.3,137.3,1848.0
2019-12-13 10:57:00,137.3,137.3,137.3,137.3,806.0
2019-12-13 10:56:00,137.3,137.3,137.3,137.3,946.0
2019-12-13 10:55:00,137.4,137.4,137.3,137.3,6896.0
2019-12-13 10:54:00,137.5,137.5,137.4,137.4,915.0
2019-12-13 10:52:00,137.5,137.55,137.5,137.55,435.0
2019-12-13 10:50:00,137.5,137.6,137.5,137.55,1480.0
2019-12-13 10:49:00,137.45,137.45,137.45,137.45,333.0
2019-12-13 10:48:00,137.5,137.5,137.5,137.5,585.0
2019-12-13 10:47:00,137.55,137.55,137.55,137.55,4.0
2019-12-13 10:46:00,137.4,137.5,137.4,137.5,3240.0
2019-12-13 10:45:00,137.4,137.4,137.4,137.4,558.0
2019-12-13 10:44:00,137.45,137.45,137.45,137.45,63.0
2019-12-13 10:42:00,137.5,137.5,137.5,137.5,128.0
2019-12-13 10:41:00,137.55,137.55,137.55,137.55,613.0
2019-12-13 10:40:00,137.45,137.5,137.45,137.5,786.0
2019-12-13 10:39:00,137.45,137.5,137.45,137.5,1711.0
2019-12-13 10:38:00,137.4,137.4,137.4,137.4,396.0
2019-12-13 10:37:00,137.4,137.45,137.4,137.4,2098.0
2019-12-13 10:36:00,137.45,137.45,137.4,137.4,543.0
2019-12-13 10:35:00,137.45,137.45,137.45,137.45,117.0
2019-12-13 10:34:00,137.4,137.45,137.4,137.45,1160.0
2019-12-13 10:33:00,137.45,137.45,137.45,137.45,638.0
2019-12-13 10:32:00,137.45,137.45,137.45,137.45,39.0
2019-12-13 10:31:00,137.3,137.4,137.3,137.4,1445.0
2019-12-13 10:30:00,137.3,137.3,137.2,137.25,4457.0
2019-12-13 10:29:00,137.3,137.35,137.3,137.35,3412.0
2019-12-13 10:28:00,137.35,137.35,137.3,137.3,1115.0
2019-12-13 10:27:00,137.35,137.35,137.3,137.3,1578.0
2019-12-13 10:26:00,137.35,137.35,137.35,137.35,39.0
2019-12-13 10:25:00,137.35,137.35,137.35,137.35,331.0
2019-12-13 10:24:00,137.35,137.35,137.35,137.35,326.0
2019-12-13 10:21:00,137.35,137.35,137.35,137.35,1867.0
2019-12-13 10:20:00,137.3,137.35,137.3,137.35,1583.0
2019-12-13 10:19:00,137.3,137.3,137.3,137.3,131.0
2019-12-13 10:18:00,137.3,137.3,137.3,137.3,71.0
2019-12-13 10:17:00,137.2,137.2,137.2,137.2,407.0
2019-12-13 10:16:00,137.2,137.2,137.2,137.2,921.0
2019-12-13 10:15:00,137.25,137.25,137.15,137.15,1015.0
2019-12-13 10:14:00,137.3,137.3,137.2,137.2,1042.0
2019-12-13 10:13:00,137.3,137.3,137.3,137.3,68.0
2019-12-13 10:12:00,137.35,137.35,137.35,137.35,150.0
2019-12-13 10:11:00,137.4,137.4,137.35,137.35,382.0
2019-12-13 10:10:00,137.35,137.5,137.35,137.5,642.0
2019-12-13 10:09:00,137.3,137.3,137.3,137.3,242.0
2019-12-13 10:08:00,137.25,137.3,137.25,137.25,2699.0
2019-12-13 10:07:00,137.5,137.5,137.35,137.35,957.0
2019-12-13 10:06:00,137.55,137.65,137.55,137.6,3954.0
2019-12-13 10:05:00,137.6,137.6,137.55,137.55,815.0
2019-12-13 10:04:00,137.6,137.65,137.6,137.65,1371.0
2019-12-13 10:03:00,137.75,137.75,137.55,137.6,1296.0
2019-12-13 10:02:00,137.45,137.75,137.45,137.7,7304.0
2019-12-13 10:01:00,137.3,137.5,137.3,137.5,5701.0
2019-12-13 10:00:00,137.25,137.31,137.21,137.3,1650.0
2019-12-13 09:59:00,137.3,137.3,137.3,137.3,9.0
2019-12-13 09:58:00,137.35,137.35,137.35,137.35,62.0
2019-12-13 09:57:00,137.35,137.35,137.35,137.35,532.0
2019-12-13 09:56:00,137.35,137.35,137.35,137.35,739.0
2019-12-13 09:55:00,137.35,137.35,137.35,137.35,100.0
2019-12-13 09:54:00,137.35,137.35,137.35,137.35,125.0
2019-12-13 09:53:00,137.25,137.3,137.25,137.3,227.0
2019-12-13 09:51:00,137.2,137.25,137.2,137.25,1901.0
2019-12-13 09:50:00,137.15,137.15,137.15,137.15,143.0
2019-12-13 09:49:00,137.15,137.2,137.15,137.15,1243.0
2019-12-13 09:48:00,137.2,137.2,137.2,137.2,468.0
2019-12-13 09:47:00,137.3,137.3,137.25,137.25,901.0
2019-12-13 09:46:00,137.25,137.25,137.25,137.25,270.0
2019-12-13 09:45:00,137.3,137.3,137.25,137.25,468.0
2019-12-13 09:44:00,137.35,137.35,137.35,137.35,1325.0
2019-12-13 09:43:00,137.4,137.4,137.35,137.4,1264.0
2019-12-13 09:42:00,137.4,137.4,137.35,137.35,537.0
2019-12-13 09:41:00,137.25,137.4,137.2,137.35,2489.0
2019-12-13 09:40:00,137.1,137.25,137.1,137.25,888.0
2019-12-13 09:39:00,136.95,137.05,136.95,137.05,1313.0
2019-12-13 09:38:00,136.95,136.95,136.9,136.9,272.0
2019-12-13 09:37:00,137.0,137.0,137.0,137.0,492.0
2019-12-13 09:36:00,136.95,137.0,136.95,137.0,1155.0
2019-12-13 09:35:00,136.8,136.95,136.8,136.95,1426.0
2019-12-13 09:34:00,136.95,136.95,136.8,136.8,784.0
2019-12-13 09:33:00,136.9,136.95,136.9,136.95,1683.0
2019-12-13 09:32:00,137.0,137.05,136.95,136.95,2841.0
2019-12-13 09:31:00,137.15,137.15,137.05,137.05,3404.0
2019-12-13 09:30:00,137.2,137.2,137.1,137.1,890.0
2019-12-13 09:29:00,137.2,137.2,137.15,137.15,90.0
2019-12-13 09:28:00,137.2,137.2,137.2,137.2,704.0
2019-12-13 09:26:00,137.3,137.3,137.3,137.3,229.0
2019-12-13 09:25:00,137.25,137.3,137.25,137.3,703.0
2019-12-13 09:24:00,137.25,137.25,137.25,137.25,148.0
2019-12-13 09:23:00,137.35,137.35,137.3,137.35,1432.0
2019-12-13 09:22:00,137.5,137.5,137.4,137.4,1225.0
2019-12-13 09:21:00,137.6,137.6,137.5,137.55,486.0
2019-12-13 09:20:00,137.6,137.65,137.6,137.65,1408.0
2019-12-13 09:19:00,137.6,137.6,137.6,137.6,648.0
2019-12-13 09:18:00,137.65,137.65,137.65,137.65,490.0
2019-12-13 09:17:00,137.75,137.75,137.7,137.7,421.0
2019-12-13 09:16:00,137.75,137.75,137.75,137.75,450.0
2019-12-13 09:15:00,137.8,137.8,137.8,137.8,4811.0
2019-12-13 09:14:00,137.85,137.85,137.85,137.85,523.0
2019-12-13 09:13:00,137.8,137.8,137.8,137.8,19.0
2019-12-13 09:12:00,137.85,137.95,137.85,137.9,490.0
2019-12-13 09:10:00,137.85,137.85,137.85,137.85,317.0
2019-12-13 09:09:00,137.9,137.95,137.9,137.95,572.0
2019-12-13 09:08:00,137.85,137.9,137.85,137.9,437.0
2019-12-13 09:07:00,137.85,137.85,137.85,137.85,182.0
2019-12-13 09:06:00,138.0,138.0,137.8,137.8,5306.0
2019-12-13 09:05:00,138.0,138.05,138.0,138.0,2317.0
2019-12-13 09:03:00,137.95,137.95,137.95,137.95,150.0
2019-12-13 09:00:00,138.0,138.0,138.0,138.0,27.0
2019-12-13 08:59:00,137.85,137.95,137.85,137.95,2636.0
2019-12-13 08:58:00,137.9,137.9,137.9,137.9,342.0
2019-12-13 08:57:00,137.95,137.95,137.95,137.95,213.0
2019-12-13 08:53:00,138.0,138.0,138.0,138.0,79.0
2019-12-13 08:52:00,138.0,138.0,137.95,137.95,1898.0
2019-12-13 08:48:00,138.05,138.05,138.05,138.05,50.0
2019-12-13 08:47:00,138.05,138.05,138.05,138.05,200.0
2019-12-13 08:46:00,138.05,138.05,138.05,138.05,97.0
2019-12-13 08:42:00,138.1,138.1,138.1,138.1,18.0
2019-12-13 08:41:00,138.15,138.15,138.1,138.1,231.0
2019-12-13 08:40:00,138.15,138.15,138.15,138.15,182.0
2019-12-13 08:39:00,138.1,138.1,138.1,138.1,241.0
2019-12-13 08:38:00,138.15,138.15,138.15,138.15,280.0
2019-12-13 08:37:00,138.2,138.2,138.2,138.2,163.0
2019-12-13 08:36:00,138.15,138.15,138.15,138.15,1098.0
2019-12-13 08:35:00,138.15,138.15,138.15,138.15,219.0
2019-12-13 08:34:00,138.15,138.15,138.15,138.15,100.0
2019-12-13 08:33:00,138.15,138.15,138.15,138.15,962.0
2019-12-13 08:32:00,138.1,138.15,138.1,138.15,1150.0
2019-12-13 08:31:00,138.15,138.15,138.05,138.05,3316.0
2019-12-13 08:30:00,138.15,138.15,138.15,138.15,1451.0
2019-12-13 08:29:00,138.1,138.1,138.1,138.1,327.0
2019-12-13 08:27:00,138.15,138.15,138.15,138.15,4.0
2019-12-13 08:26:00,138.2,138.2,138.15,138.15,220.0
2019-12-13 08:23:00,138.25,138.25,138.25,138.25,795.0
2019-12-13 08:21:00,138.25,138.25,138.25,138.25,353.0
2019-12-13 08:20:00,138.25,138.25,138.25,138.25,208.0
2019-12-13 08:19:00,138.25,138.25,138.25,138.25,67.0
2019-12-13 08:18:00,138.25,138.25,138.25,138.25,362.0
2019-12-13 08:17:00,138.25,138.25,138.25,138.25,224.0
2019-12-13 08:16:00,138.25,138.25,138.25,138.25,487.0
2019-12-13 08:15:00,138.3,138.3,138.25,138.25,1316.0
2019-12-13 08:14:00,138.45,138.45,138.3,138.3,1347.0
2019-12-13 08:12:00,138.4,138.4,138.4,138.4,36.0
2019-12-13 08:10:00,138.35,138.35,138.35,138.35,204.0
2019-12-13 08:09:00,138.3,138.3,138.3,138.3,14.0
2019-12-13 08:08:00,138.3,138.3,138.3,138.3,798.0
2019-12-13 08:07:00,138.3,138.3,138.3,138.3,164.0
2019-12-13 08:06:00,138.3,138.3,138.3,138.3,953.0
2019-12-13 08:05:00,138.3,138.3,138.3,138.3,1374.0
2019-12-13 08:04:00,138.25,138.25,138.25,138.25,145.0
2019-12-13 08:03:00,138.25,138.3,138.25,138.3,864.0
2019-12-13 08:02:00,138.25,138.25,138.25,138.25,1000.0
2019-12-13 08:01:00,138.2,138.25,138.2,138.25,578.0
2019-12-13 08:00:00,138.15,138.25,138.15,138.2,3044.0
2019-12-13 07:59:00,138.0,138.2,138.0,138.2,1015.0
2019-12-13 07:58:00,138.25,138.25,137.95,138.0,4948.0
2019-12-13 07:57:00,138.3,138.3,138.3,138.3,34.0
2019-12-13 07:56:00,138.25,138.25,138.25,138.25,1022.0
2019-12-13 07:55:00,138.25,138.25,138.25,138.25,32.0
2019-12-13 07:54:00,138.3,138.3,138.3,138.3,643.0
2019-12-13 07:53:00,138.35,138.35,138.3,138.3,210.0
2019-12-13 07:52:00,138.3,138.3,138.3,138.3,232.0
2019-12-13 07:48:00,138.3,138.3,138.3,138.3,838.0
2019-12-13 07:47:00,138.25,138.25,138.25,138.25,26.0
2019-12-13 07:43:00,138.3,138.3,138.3,138.3,494.0
2019-12-13 07:42:00,138.35,138.35,138.35,138.35,656.0
2019-12-13 07:41:00,138.35,138.35,138.35,138.35,9.0
2019-12-13 07:40:00,138.25,138.35,138.2,138.35,1590.0
2019-12-13 07:39:00,138.3,138.3,138.2,138.3,3998.0
2019-12-13 07:38:00,138.35,138.35,138.35,138.35,284.0
2019-12-13 07:37:00,138.4,138.4,138.4,138.4,58.0
2019-12-13 07:36:00,138.4,138.4,138.4,138.4,29.0
2019-12-13 07:34:00,138.45,138.45,138.45,138.45,513.0
2019-12-13 07:33:00,138.4,138.4,138.4,138.4,293.0
2019-12-13 07:32:00,138.45,138.45,138.35,138.45,3535.0
2019-12-13 07:31:00,138.45,138.45,138.4,138.4,353.0
2019-12-13 07:30:00,138.45,138.45,138.45,138.45,62.0
2019-12-13 07:29:00,138.5,138.5,138.5,138.5,65.0
2019-12-13 07:28:00,138.55,138.55,138.55,138.55,435.0
2019-12-13 07:26:00,138.6,138.6,138.6,138.6,31.0
2019-12-13 07:24:00,138.65,138.65,138.65,138.65,10.0
2019-12-13 07:22:00,138.7,138.7,138.7,138.7,146.0
2019-12-13 07:17:00,138.7,138.7,138.7,138.7,8.0
2019-12-13 07:15:00,138.75,138.75,138.7,138.75,227.0
2019-12-13 07:13:00,138.75,138.75,138.75,138.75,1381.0
2019-12-13 07:12:00,138.8,138.8,138.8,138.8,218.0
2019-12-13 07:11:00,138.65,138.75,138.65,138.75,712.0
2019-12-13 07:08:00,138.65,138.65,138.6,138.6,511.0
2019-12-13 07:07:00,138.65,138.65,138.65,138.65,50.0
2019-12-13 07:06:00,138.7,138.7,138.7,138.7,153.0
2019-12-13 07:03:00,138.75,138.75,138.7,138.7,315.0
2019-12-13 07:02:00,138.65,138.8,138.65,138.75,42461.0
2019-12-13 06:56:00,138.85,138.85,138.85,138.85,733.0
2019-12-13 06:55:00,138.8,138.85,138.8,138.85,836.0
2019-12-13 06:52:00,138.75,138.75,138.75,138.75,55.0
2019-12-13 06:51:00,138.75,138.75,138.75,138.75,4.0
2019-12-13 06:46:00,138.75,138.8,138.75,138.8,424.0
2019-12-13 06:45:00,138.8,138.8,138.8,138.8,135.0
2019-12-13 06:43:00,138.75,138.8,138.75,138.8,967.0
2019-12-13 06:40:00,138.7,138.8,138.7,138.8,1817.0
2019-12-13 06:39:00,138.7,138.7,138.7,138.7,181.0
2019-12-13 06:38:00,138.7,138.7,138.65,138.65,677.0
2019-12-13 06:37:00,138.65,138.65,138.65,138.65,946.0
2019-12-13 06:36:00,138.75,138.75,138.65,138.65,1362.0
2019-12-13 06:35:00,138.6,138.7,138.6,138.7,2477.0
2019-12-13 06:34:00,138.65,138.65,138.65,138.65,93.0
2019-12-13 06:32:00,138.6,138.6,138.6,138.6,283.0
2019-12-13 06:31:00,138.6,138.6,138.6,138.6,286.0
2019-12-13 06:30:00,138.6,138.65,138.6,138.65,453.0
2019-12-13 06:29:00,138.6,138.6,138.6,138.6,608.0
2019-12-13 06:28:00,138.55,138.55,138.55,138.55,34.0
2019-12-13 06:27:00,138.55,138.55,138.55,138.55,66.0
2019-12-13 06:24:00,138.55,138.55,138.55,138.55,30.0
2019-12-13 06:23:00,138.55,138.55,138.55,138.55,265.0
2019-12-13 06:22:00,138.55,138.55,138.55,138.55,231.0
2019-12-13 06:21:00,138.6,138.6,138.6,138.6,172.0
2019-12-13 06:20:00,138.55,138.55,138.5,138.55,2239.0
2019-12-13 06:17:00,138.55,138.55,138.55,138.55,39.0
2019-12-13 06:15:00,138.65,138.65,138.65,138.65,1091.0
2019-12-13 06:14:00,138.65,138.65,138.65,138.65,482.0
2019-12-13 06:13:00,138.65,138.65,138.65,138.65,225.0
2019-12-13 06:11:00,138.65,138.65,138.65,138.65,37.0
2019-12-13 06:10:00,138.7,138.7,138.65,138.65,45.0
2019-12-13 06:09:00,138.7,138.7,138.7,138.7,83.0
2019-12-13 06:07:00,138.75,138.75,138.75,138.75,466.0
2019-12-13 06:06:00,138.7,138.7,138.7,138.7,217.0
2019-12-13 06:05:00,138.75,138.75,138.75,138.75,74.0
2019-12-13 06:02:00,138.85,138.85,138.8,138.8,851.0
2019-12-13 06:01:00,138.95,138.95,138.95,138.95,53.0
2019-12-13 06:00:00,139.0,139.0,139.0,139.0,566.0
2019-12-13 05:59:00,139.1,139.1,139.05,139.05,30.0
2019-12-13 05:58:00,139.05,139.1,139.05,139.1,313.0
2019-12-13 05:57:00,139.1,139.1,139.05,139.05,1320.0
2019-12-13 05:56:00,139.05,139.15,139.05,139.1,776.0
2019-12-13 05:55:00,139.0,139.05,139.0,139.05,857.0
2019-12-13 05:54:00,138.95,139.0,138.95,139.0,1434.0
2019-12-13 05:53:00,138.95,138.95,138.95,138.95,562.0
2019-12-13 05:52:00,138.95,139.0,138.95,139.0,457.0
2019-12-13 05:51:00,139.0,139.05,139.0,139.0,366.0
2019-12-13 05:50:00,139.0,139.05,139.0,139.05,461.0
2019-12-13 05:49:00,139.05,139.05,139.0,139.0,420.0
2019-12-13 05:48:00,139.05,139.05,139.05,139.05,870.0
2019-12-13 05:44:00,139.1,139.1,139.1,139.1,30.0
2019-12-13 05:43:00,139.1037,139.2348,139.0346,139.1037,10033.0
2019-12-13 05:42:00,139.15,139.15,139.15,139.15,27.0
2019-12-13 05:41:00,139.2,139.2,139.2,139.2,64.0
2019-12-13 05:40:00,139.25,139.25,139.25,139.25,28.0
2019-12-13 05:39:00,139.4,139.4,139.35,139.35,912.0
2019-12-13 05:38:00,139.45,139.45,139.45,139.45,221.0
2019-12-13 05:37:00,139.45,139.55,139.45,139.5,3287.0
2019-12-13 05:36:00,139.4,139.5,139.4,139.45,1795.0
2019-12-13 05:35:00,139.45,139.45,139.4,139.4,321.0
2019-12-13 05:34:00,139.5,139.5,139.45,139.45,320.0
2019-12-13 05:32:00,139.45,139.45,139.45,139.45,388.0
2019-12-13 05:31:00,139.4,139.4,139.4,139.4,27.0
2019-12-13 05:30:00,139.4,139.4,139.4,139.4,273.0
2019-12-13 05:29:00,139.45,139.45,139.4,139.4,134.0
2019-12-13 05:28:00,139.45,139.5,139.45,139.45,438.0
2019-12-13 05:26:00,139.45,139.45,139.45,139.45,312.0
2019-12-13 05:25:00,139.5,139.5,139.5,139.5,450.0
2019-12-13 05:24:00,139.45,139.45,139.45,139.45,35.0
2019-12-13 05:23:00,139.4,139.4,139.4,139.4,657.0
2019-12-13 05:21:00,139.35,139.45,139.35,139.45,2134.0
2019-12-13 05:20:00,139.35,139.35,139.35,139.35,215.0
2019-12-13 05:18:00,139.35,139.35,139.35,139.35,49.0
2019-12-13 05:17:00,139.35,139.35,139.35,139.35,26.0
2019-12-13 05:16:00,139.4,139.4,139.4,139.4,10.0
2019-12-13 05:14:00,139.35,139.35,139.35,139.35,160.0
2019-12-13 05:13:00,139.35,139.35,139.35,139.35,486.0
2019-12-13 05:11:00,139.35,139.35,139.35,139.35,269.0
2019-12-13 05:10:00,139.2,139.35,139.2,139.35,2645.0
2019-12-13 05:09:00,139.35,139.35,139.25,139.25,750.0
2019-12-13 05:07:00,139.45,139.5,139.35,139.35,5007.0
2019-12-13 05:06:00,139.45,139.45,139.45,139.45,739.0
2019-12-13 05:05:00,139.45,139.45,139.45,139.45,364.0
2019-12-13 05:04:00,139.5,139.5,139.4,139.4,3073.0
2019-12-13 05:03:00,139.5,139.5,139.5,139.5,336.0
2019-12-13 05:02:00,139.45,139.5,139.4,139.5,2262.0
2019-12-13 05:01:00,139.5,139.5,139.5,139.5,915.0
2019-12-13 05:00:00,139.45,139.55,139.45,139.5,1106.0
2019-12-13 04:59:00,139.45,139.45,139.45,139.45,412.0
2019-12-13 04:58:00,139.45,139.45,139.45,139.45,407.0
2019-12-13 04:56:00,139.55,139.55,139.5,139.5,1322.0
2019-12-13 04:55:00,139.55,139.55,139.55,139.55,192.0
2019-12-13 04:54:00,139.5,139.55,139.45,139.55,1399.0
2019-12-13 04:53:00,139.55,139.6,139.55,139.55,387.0
2019-12-13 04:52:00,139.55,139.6,139.55,139.6,2424.0
2019-12-13 04:51:00,139.65,139.65,139.6,139.6,1020.0
2019-12-13 04:50:00,139.65,139.65,139.65,139.65,522.0
2019-12-13 04:49:00,139.65,139.65,139.6,139.6,1109.0
2019-12-13 04:47:00,139.65,139.65,139.65,139.65,103.0
2019-12-13 04:46:00,139.7,139.7,139.7,139.7,382.0
2019-12-13 04:45:00,139.7,139.7,139.65,139.65,787.0
2019-12-13 04:44:00,139.55,139.7,139.55,139.7,3812.0
2019-12-13 04:43:00,139.5,139.55,139.45,139.55,6281.0
2019-12-13 04:42:00,139.45,139.45,139.45,139.45,90.0
2019-12-13 04:41:00,139.45,139.5,139.45,139.45,946.0
2019-12-13 04:40:00,139.5,139.5,139.5,139.5,1147.0
2019-12-13 04:39:00,139.45,139.45,139.4,139.4,872.0
2019-12-13 04:38:00,139.4,139.4,139.4,139.4,74.0
2019-12-13 04:36:00,139.45,139.45,139.45,139.45,729.0
2019-12-13 04:35:00,139.3,139.45,139.3,139.45,492.0
2019-12-13 04:34:00,139.3,139.3,139.25,139.25,1345.0
2019-12-13 04:33:00,139.3,139.35,139.3,139.35,987.0
2019-12-13 04:32:00,139.3,139.3,139.25,139.3,1703.0
2019-12-13 04:31:00,139.15,139.25,139.15,139.25,2291.0
2019-12-13 04:28:00,139.15,139.2,139.15,139.2,1108.0
2019-12-13 04:27:00,139.15,139.15,139.15,139.15,190.0
2019-12-13 04:26:00,139.2,139.2,139.2,139.2,183.0
2019-12-13 04:25:00,139.1,139.2,139.1,139.2,3603.0
2019-12-13 04:23:00,139.2,139.2,139.2,139.2,147.0
2019-12-13 04:22:00,139.15,139.2,139.15,139.2,275.0
2019-12-13 04:21:00,139.2,139.2,139.2,139.2,1442.0
2019-12-13 04:20:00,139.15,139.2,139.15,139.2,586.0
2019-12-13 04:19:00,139.05,139.1,139.05,139.1,468.0
2019-12-13 04:18:00,139.05,139.05,139.0,139.0,310.0
2019-12-13 04:17:00,139.15,139.15,139.1,139.1,340.0
2019-12-13 04:16:00,139.15,139.15,139.15,139.15,833.0
2019-12-13 04:15:00,139.3,139.3,139.15,139.15,641.0
2019-12-13 04:14:00,139.35,139.35,139.3,139.3,1002.0
2019-12-13 04:13:00,139.25,139.35,139.25,139.35,402.0
2019-12-13 04:12:00,139.25,139.25,139.25,139.25,487.0
2019-12-13 04:11:00,139.1,139.25,139.05,139.25,2280.0
2019-12-13 04:10:00,138.85,139.05,138.85,139.05,7446.0
2019-12-13 04:09:00,138.85,138.85,138.8,138.8,1234.0
2019-12-13 04:08:00,138.8,138.8,138.8,138.8,158.0
2019-12-13 04:07:00,138.9,138.9,138.8,138.8,1056.0
2019-12-13 04:06:00,138.9,138.9,138.9,138.9,649.0
2019-12-13 04:05:00,138.85,138.9,138.85,138.9,511.0
2019-12-13 04:04:00,138.8,138.85,138.75,138.8,1611.0
2019-12-13 04:03:00,138.75,138.8,138.75,138.8,426.0
2019-12-13 04:02:00,138.85,138.85,138.8,138.8,2067.0
2019-12-13 04:01:00,138.95,138.95,138.85,138.85,358.0
2019-12-13 04:00:00,138.95,139.0,138.95,138.95,3064.0
2019-12-13 03:59:00,138.95,138.95,138.9,138.95,287.0
2019-12-13 03:58:00,138.9,138.95,138.9,138.95,1726.0
2019-12-13 03:57:00,138.9,138.9,138.9,138.9,270.0
2019-12-13 03:56:00,138.9,138.95,138.9,138.95,109.0
2019-12-13 03:55:00,138.8,138.85,138.8,138.85,967.0
2019-12-13 03:54:00,138.85,138.85,138.85,138.85,384.0
2019-12-13 03:53:00,138.9,138.95,138.9,138.9,4782.0
2019-12-13 03:52:00,138.75,138.85,138.75,138.85,2149.0
2019-12-13 03:51:00,138.65,138.7,138.6,138.7,661.0
2019-12-13 03:50:00,138.6,138.7,138.6,138.65,5582.0
2019-12-13 03:49:00,138.6,138.65,138.55,138.55,5468.0
2019-12-13 03:48:00,138.65,138.7,138.5,138.55,7357.0
2019-12-13 03:47:00,138.55,138.6,138.55,138.6,1758.0
2019-12-13 03:46:00,138.4,138.5,138.4,138.5,1520.0
2019-12-13 03:45:00,138.35,138.45,138.35,138.45,1075.0
2019-12-13 03:44:00,138.25,138.3,138.25,138.3,611.0
2019-12-13 03:43:00,138.25,138.25,138.25,138.25,1399.0
2019-12-13 03:42:00,138.3,138.35,138.3,138.3,3529.0
2019-12-13 03:41:00,138.25,138.3,138.25,138.3,4182.0
2019-12-13 03:40:00,138.3,138.3,138.25,138.25,2005.0
2019-12-13 03:39:00,138.35,138.35,138.3,138.3,539.0
2019-12-13 03:38:00,138.35,138.35,138.35,138.35,522.0
2019-12-13 03:37:00,138.4,138.4,138.4,138.4,209.0
2019-12-13 03:36:00,138.4,138.45,138.4,138.45,1919.0
2019-12-13 03:35:00,138.4,138.5,138.4,138.5,784.0
2019-12-13 03:34:00,138.25,138.35,138.25,138.35,1031.0
2019-12-13 03:33:00,138.3,138.35,138.25,138.25,14718.0
2019-12-13 03:32:00,138.2,138.25,138.15,138.25,2835.0
2019-12-13 03:31:00,138.3,138.3,138.2,138.25,10067.0
2019-12-13 03:30:00,138.3,138.3,138.25,138.25,182.0
2019-12-13 03:29:00,138.25,138.3,138.25,138.3,1421.0
2019-12-13 03:28:00,138.25,138.35,138.25,138.35,763.0
2019-12-13 03:27:00,138.35,138.35,138.3,138.3,406.0
2019-12-13 03:26:00,138.35,138.4,138.3,138.35,7502.0
2019-12-13 03:25:00,138.3,138.3,138.25,138.3,310.0
2019-12-13 03:24:00,138.3,138.3,138.3,138.3,72.0
2019-12-13 03:23:00,138.2,138.25,138.15,138.25,2347.0
2019-12-13 03:22:00,138.25,138.25,138.2,138.2,457.0
2019-12-13 03:21:00,138.4,138.4,138.35,138.35,785.0
2019-12-13 03:20:00,138.5,138.5,138.35,138.35,911.0
2019-12-13 03:19:00,138.5,138.5,138.5,138.5,316.0
2019-12-13 03:18:00,138.55,138.55,138.55,138.55,233.0
2019-12-13 03:17:00,138.45,138.55,138.45,138.55,5033.0
2019-12-13 03:16:00,138.3,138.45,138.3,138.4,835.0
2019-12-13 03:15:00,138.4,138.45,138.3,138.3,700.0
2019-12-13 03:14:00,138.55,138.6,138.45,138.45,661.0
2019-12-13 03:13:00,138.7,138.75,138.65,138.65,918.0
2019-12-13 03:12:00,138.65,138.7,138.65,138.7,1085.0
2019-12-13 03:11:00,138.65,138.65,138.6,138.65,545.0
2019-12-13 03:10:00,138.75,138.8,138.7,138.7,673.0
2019-12-13 03:09:00,138.65,138.8,138.55,138.7,3115.0
2019-12-13 03:08:00,138.55,138.65,138.5,138.55,6004.0
2019-12-13 03:07:00,138.45,138.6,138.4,138.5,4677.0
2019-12-13 03:06:00,138.45,138.45,138.3,138.4,1807.0
2019-12-13 03:05:00,138.9,138.9,138.4,138.45,3090.0
2019-12-13 03:04:00,138.85,138.9,138.85,138.85,499.0
2019-12-13 03:03:00,138.85,138.85,138.7,138.7,320.0
2019-12-13 03:02:00,139.2,139.2,138.8,138.85,0.0
2019-12-12 11:29:00,138.1,138.1,138.0,138.05,1610.0
2019-12-12 11:28:00,138.1,138.1,138.1,138.1,1562.0
2019-12-12 11:27:00,138.1,138.1,138.1,138.1,1061.0
2019-12-12 11:26:00,138.1,138.1,138.1,138.1,2265.0
2019-12-12 11:25:00,138.1,138.1,138.1,138.1,1949.0
2019-12-12 11:24:00,138.1,138.1,138.1,138.1,200.0
2019-12-12 11:23:00,138.15,138.15,138.15,138.15,413.0
2019-12-12 11:22:00,138.15,138.15,138.15,138.15,320.0
2019-12-12 11:21:00,138.15,138.15,138.15,138.15,611.0
2019-12-12 11:20:00,138.15,138.15,138.15,138.15,1682.0
2019-12-12 11:18:00,138.2,138.2,138.2,138.2,1182.0
2019-12-12 11:08:00,138.2,138.2,138.2,138.2,437.0
2019-12-12 11:07:00,138.2,138.2,138.2,138.2,767.0
2019-12-12 11:05:00,138.2,138.2,138.2,138.2,1195.0
2019-12-12 11:04:00,138.15,138.15,138.15,138.15,677.0
2019-12-12 11:01:00,138.15,138.15,138.15,138.15,3127.0
2019-12-12 11:00:00,138.1,138.1,138.1,138.1,1514.0
2019-12-12 10:59:00,138.15,138.15,138.15,138.15,1208.0
2019-12-12 10:57:00,138.1,138.1,138.05,138.1,6281.0
2019-12-12 10:55:00,138.15,138.15,138.1,138.15,1263.0
2019-12-12 10:53:00,138.1,138.1,138.1,138.1,1433.0
2019-12-12 10:52:00,138.15,138.15,138.15,138.15,1178.0
2019-12-12 10:50:00,138.2,138.2,138.2,138.2,74.0
2019-12-12 10:49:00,138.15,138.15,138.15,138.15,699.0
2019-12-12 10:48:00,138.1,138.1,138.1,138.1,837.0
2019-12-12 10:46:00,138.15,138.2,138.15,138.15,609.0
2019-12-12 10:45:00,138.1,138.1,138.1,138.1,4088.0
2019-12-12 10:44:00,138.2,138.2,138.15,138.15,191.0
2019-12-12 10:42:00,138.2,138.2,138.1,138.2,8063.0
2019-12-12 10:41:00,138.25,138.25,138.25,138.25,530.0
2019-12-12 10:39:00,138.25,138.25,138.25,138.25,285.0
2019-12-12 10:38:00,138.2,138.2,138.2,138.2,252.0
2019-12-12 10:37:00,138.25,138.25,138.25,138.25,200.0
2019-12-12 10:36:00,138.25,138.25,138.25,138.25,653.0
2019-12-12 10:35:00,138.2,138.2,138.2,138.2,84.0
2019-12-12 10:34:00,138.2,138.2,138.2,138.2,577.0
2019-12-12 10:33:00,138.15,138.15,138.15,138.15,442.0
2019-12-12 10:32:00,138.2,138.2,138.2,138.2,670.0
2019-12-12 10:30:00,138.25,138.25,138.25,138.25,78.0
2019-12-12 10:29:00,138.3,138.35,138.3,138.3,2285.0
2019-12-12 10:28:00,138.2,138.25,138.2,138.25,486.0
2019-12-12 10:27:00,138.2,138.2,138.2,138.2,286.0
2019-12-12 10:26:00,138.25,138.25,138.25,138.25,271.0
2019-12-12 10:25:00,138.3,138.35,138.3,138.3,446.0
2019-12-12 10:24:00,138.25,138.3,138.25,138.3,712.0
2019-12-12 10:23:00,138.3,138.3,138.25,138.25,171.0
2019-12-12 10:22:00,138.3,138.3,138.3,138.3,32.0
2019-12-12 10:21:00,138.3,138.3,138.3,138.3,349.0
2019-12-12 10:20:00,138.45,138.45,138.35,138.35,1057.0
2019-12-12 10:19:00,138.4,138.4,138.4,138.4,410.0
2019-12-12 10:18:00,138.45,138.5,138.45,138.5,1083.0
2019-12-12 10:17:00,138.35,138.45,138.35,138.45,886.0
2019-12-12 10:15:00,138.35,138.4,138.35,138.35,2387.0
2019-12-12 10:14:00,138.45,138.5,138.35,138.35,2385.0
2019-12-12 10:13:00,138.3,138.45,138.3,138.45,2529.0
2019-12-12 10:12:00,138.3,138.35,138.3,138.3,1476.0
2019-12-12 10:11:00,138.3,138.35,138.25,138.35,634.0
2019-12-12 10:10:00,138.25,138.35,138.25,138.3,2147.0
2019-12-12 10:09:00,138.25,138.25,138.2,138.2,1858.0
2019-12-12 10:08:00,138.15,138.2,138.15,138.2,534.0
2019-12-12 10:07:00,138.15,138.15,138.15,138.15,221.0
2019-12-12 10:06:00,138.15,138.15,138.1,138.15,402.0
2019-12-12 10:05:00,138.1,138.25,138.1,138.15,1946.0
2019-12-12 10:04:00,138.1552,138.2794,138.1293,138.1552,5019.0
2019-12-12 10:03:00,138.0,138.2,138.0,138.15,4064.0
2019-12-12 10:02:00,137.95,137.95,137.95,137.95,149.0
2019-12-12 10:01:00,137.95,137.95,137.95,137.95,168.0
2019-12-12 10:00:00,138.0,138.0,137.95,137.95,65.0
2019-12-12 09:59:00,137.95,137.95,137.95,137.95,610.0
2019-12-12 09:58:00,137.9,137.9,137.9,137.9,161.0
2019-12-12 09:56:00,137.95,137.95,137.95,137.95,126.0
2019-12-12 09:55:00,138.0,138.0,137.9,137.9,513.0
2019-12-12 09:53:00,138.0,138.05,137.95,137.95,1829.0
2019-12-12 09:52:00,138.0,138.0,137.95,138.0,2818.0
2019-12-12 09:51:00,137.8,137.9,137.8,137.9,775.0
2019-12-12 09:50:00,137.7,137.8,137.7,137.75,3841.0
2019-12-12 09:49:00,137.65,137.65,137.65,137.65,241.0
2019-12-12 09:48:00,137.7,137.7,137.65,137.65,89.0
2019-12-12 09:47:00,137.65,137.75,137.65,137.7,982.0
2019-12-12 09:45:00,137.55,137.55,137.55,137.55,186.0
2019-12-12 09:44:00,137.5,137.5,137.5,137.5,717.0
2019-12-12 09:43:00,137.5,137.5,137.5,137.5,919.0
2019-12-12 09:41:00,137.55,137.55,137.5,137.55,687.0
2019-12-12 09:40:00,137.65,137.65,137.6,137.6,330.0
2019-12-12 09:39:00,137.5,137.6,137.5,137.55,1860.0
2019-12-12 09:38:00,137.45,137.55,137.45,137.5,1516.0
2019-12-12 09:37:00,137.4,137.4,137.4,137.4,294.0
2019-12-12 09:36:00,137.4,137.5,137.4,137.45,2857.0
2019-12-12 09:35:00,137.3,137.65,137.2,137.45,8940.0
2019-12-12 09:33:00,137.3,137.3,137.3,137.3,10.0
2019-12-12 09:32:00,137.2,137.3,137.2,137.3,362.0
2019-12-12 09:31:00,137.15,137.15,137.15,137.15,85.0
2019-12-12 09:30:00,137.05,137.1,137.05,137.1,1035.0
2019-12-12 09:25:00,137.05,137.05,137.05,137.05,183.0
2019-12-12 09:24:00,137.0,137.05,137.0,137.05,559.0
2019-12-12 09:23:00,137.0,137.0,136.95,136.95,522.0
2019-12-12 09:22:00,137.0,137.0,137.0,137.0,301.0
2019-12-12 09:21:00,137.05,137.05,137.0,137.0,868.0
2019-12-12 09:19:00,137.15,137.15,137.15,137.15,283.0
2019-12-12 09:18:00,137.2,137.2,137.2,137.2,126.0
2019-12-12 09:17:00,137.2,137.2,137.2,137.2,889.0
2019-12-12 09:15:00,137.3,137.3,137.15,137.2,2805.0
2019-12-12 09:13:00,137.3,137.3,137.3,137.3,774.0
2019-12-12 09:12:00,137.3,137.3,137.3,137.3,674.0
2019-12-12 09:09:00,137.25,137.25,137.25,137.25,113.0
2019-12-12 09:08:00,137.2,137.2,137.15,137.15,447.0
2019-12-12 09:07:00,137.1,137.15,137.1,137.15,2256.0
2019-12-12 09:06:00,137.15,137.15,137.15,137.15,7.0
2019-12-12 09:03:00,137.15,137.15,137.15,137.15,102.0
2019-12-12 09:01:00,137.1,137.1,137.1,137.1,133.0
2019-12-12 09:00:00,137.05,137.05,137.05,137.05,84.0
2019-12-12 08:59:00,137.0,137.0,137.0,137.0,173.0
2019-12-12 08:58:00,137.0,137.0,137.0,137.0,332.0
2019-12-12 08:55:00,137.1,137.1,137.1,137.1,178.0
2019-12-12 08:54:00,137.1,137.1,137.05,137.1,615.0
2019-12-12 08:53:00,137.15,137.15,137.15,137.15,206.0
2019-12-12 08:52:00,137.1,137.1,137.1,137.1,1.0
2019-12-12 08:51:00,137.15,137.15,137.15,137.15,1.0
2019-12-12 08:50:00,137.05,137.1,137.05,137.1,47.0
2019-12-12 08:49:00,137.1,137.1,137.05,137.05,305.0
2019-12-12 08:48:00,137.15,137.15,137.15,137.15,241.0
2019-12-12 08:47:00,137.05,137.1,137.05,137.1,292.0
2019-12-12 08:46:00,137.0,137.0,137.0,137.0,452.0
2019-12-12 08:45:00,137.05,137.05,137.0,137.0,496.0
2019-12-12 08:43:00,137.0,137.0,137.0,137.0,129.0
2019-12-12 08:42:00,137.05,137.05,137.0,137.0,974.0
2019-12-12 08:41:00,137.1,137.1,137.1,137.1,125.0
2019-12-12 08:39:00,137.3,137.3,137.25,137.25,1177.0
2019-12-12 08:38:00,137.25,137.25,137.25,137.25,321.0
2019-12-12 08:37:00,137.35,137.4,137.3,137.3,2141.0
2019-12-12 08:36:00,137.35,137.35,137.35,137.35,381.0
2019-12-12 08:35:00,137.25,137.35,137.25,137.35,787.0
2019-12-12 08:34:00,137.35,137.35,137.3,137.3,474.0
2019-12-12 08:32:00,137.35,137.35,137.35,137.35,222.0
2019-12-12 08:30:00,137.45,137.45,137.45,137.45,170.0
2019-12-12 08:29:00,137.45,137.5,137.45,137.5,511.0
2019-12-12 08:27:00,137.45,137.45,137.45,137.45,150.0
2019-12-12 08:26:00,137.4,137.4,137.4,137.4,3780.0
2019-12-12 08:23:00,137.4,137.4,137.35,137.35,1881.0
2019-12-12 08:22:00,137.45,137.45,137.45,137.45,159.0
2019-12-12 08:21:00,137.4,137.45,137.4,137.45,692.0
2019-12-12 08:19:00,137.4,137.4,137.4,137.4,48.0
2019-12-12 08:16:00,137.4,137.4,137.4,137.4,93.0
2019-12-12 08:15:00,137.35,137.35,137.35,137.35,159.0
2019-12-12 08:14:00,137.35,137.35,137.35,137.35,125.0
2019-12-12 08:12:00,137.4,137.4,137.4,137.4,163.0
2019-12-12 08:09:00,137.4,137.4,137.4,137.4,628.0
2019-12-12 08:07:00,137.45,137.45,137.4,137.4,2039.0
2019-12-12 08:04:00,137.4,137.4,137.4,137.4,160.0
2019-12-12 08:03:00,137.35,137.4,137.35,137.4,603.0
2019-12-12 08:02:00,137.4,137.4,137.4,137.4,160.0
2019-12-12 08:01:00,137.35,137.35,137.35,137.35,88.0
2019-12-12 08:00:00,137.4,137.4,137.4,137.4,126.0
2019-12-12 07:58:00,137.35,137.35,137.35,137.35,260.0
2019-12-12 07:54:00,137.4,137.4,137.35,137.35,90.0
2019-12-12 07:53:00,137.4,137.4,137.4,137.4,313.0
2019-12-12 07:52:00,137.2,137.35,137.2,137.35,1514.0
2019-12-12 07:51:00,137.25,137.25,137.2,137.2,788.0
2019-12-12 07:50:00,137.4,137.4,137.3,137.3,1301.0
2019-12-12 07:49:00,137.4,137.4,137.4,137.4,70.0
2019-12-12 07:48:00,137.4,137.4,137.4,137.4,248.0
2019-12-12 07:47:00,137.4,137.4,137.4,137.4,711.0
2019-12-12 07:44:00,137.35,137.35,137.35,137.35,160.0
2019-12-12 07:41:00,137.45,137.45,137.45,137.45,161.0
2019-12-12 07:40:00,137.5,137.5,137.5,137.5,543.0
2019-12-12 07:37:00,137.55,137.55,137.55,137.55,134.0
2019-12-12 07:33:00,137.6,137.6,137.6,137.6,58.0
2019-12-12 07:30:00,137.65,137.65,137.65,137.65,443.0
2019-12-12 07:29:00,137.65,137.65,137.65,137.65,38.0
2019-12-12 07:26:00,137.65,137.65,137.65,137.65,7.0
2019-12-12 07:25:00,137.6,137.65,137.6,137.65,83.0
2019-12-12 07:24:00,137.55,137.55,137.55,137.55,125.0
2019-12-12 07:22:00,137.55,137.55,137.55,137.55,120.0
2019-12-12 07:21:00,137.5,137.5,137.5,137.5,78.0
2019-12-12 07:20:00,137.5,137.55,137.5,137.55,277.0
2019-12-12 07:18:00,137.5,137.5,137.5,137.5,88.0
2019-12-12 07:16:00,137.5,137.5,137.5,137.5,286.0
2019-12-12 07:15:00,137.5,137.5,137.45,137.45,332.0
2019-12-12 07:14:00,137.6,137.6,137.6,137.6,14.0
2019-12-12 07:11:00,137.6,137.6,137.6,137.6,78.0
2019-12-12 07:10:00,137.6,137.6,137.6,137.6,53.0
2019-12-12 07:09:00,137.6,137.65,137.6,137.6,733.0
2019-12-12 07:08:00,137.6,137.6,137.6,137.6,131.0
2019-12-12 07:07:00,137.65,137.65,137.65,137.65,172.0
2019-12-12 07:04:00,137.65,137.65,137.65,137.65,102.0
2019-12-12 07:03:00,137.65,137.65,137.65,137.65,392.0
2019-12-12 07:02:00,137.7,137.7,137.7,137.7,830.0
2019-12-12 06:59:00,137.7,137.75,137.7,137.75,140.0
2019-12-12 06:58:00,137.75,137.75,137.75,137.75,206.0
2019-12-12 06:57:00,137.75,137.75,137.75,137.75,116.0
2019-12-12 06:55:00,137.65,137.7,137.65,137.7,230.0
2019-12-12 06:53:00,137.7,137.7,137.7,137.7,97.0
2019-12-12 06:50:00,137.7,137.7,137.65,137.65,74.0
2019-12-12 06:49:00,137.7,137.7,137.7,137.7,196.0
2019-12-12 06:48:00,137.75,137.75,137.75,137.75,856.0
2019-12-12 06:44:00,137.75,137.75,137.75,137.75,89.0
2019-12-12 06:40:00,137.8,137.8,137.8,137.8,144.0
2019-12-12 06:38:00,137.75,137.75,137.75,137.75,45.0
2019-12-12 06:37:00,137.7,137.7,137.7,137.7,372.0
2019-12-12 06:36:00,137.7,137.7,137.7,137.7,150.0
2019-12-12 06:34:00,137.75,137.75,137.75,137.75,10.0
2019-12-12 06:31:00,137.8,137.85,137.8,137.85,206.0
2019-12-12 06:30:00,137.75,137.75,137.65,137.75,951.0
2019-12-12 06:29:00,137.85,137.85,137.8,137.8,46.0
2019-12-12 06:28:00,137.9,137.9,137.9,137.9,156.0
2019-12-12 06:25:00,137.9,137.9,137.9,137.9,105.0
2019-12-12 06:21:00,137.95,137.95,137.9,137.9,168.0
2019-12-12 06:20:00,137.85,137.95,137.85,137.95,459.0
2019-12-12 06:19:00,137.85,137.85,137.85,137.85,50.0
2019-12-12 06:18:00,137.85,137.85,137.85,137.85,28.0
2019-12-12 06:17:00,137.9,137.9,137.9,137.9,125.0
2019-12-12 06:16:00,137.85,137.85,137.85,137.85,50.0
2019-12-12 06:15:00,137.8,137.8,137.8,137.8,167.0
2019-12-12 06:13:00,137.8,137.9,137.8,137.85,523.0
2019-12-12 06:12:00,137.8,137.85,137.8,137.85,753.0
2019-12-12 06:11:00,137.75,137.75,137.75,137.75,126.0
2019-12-12 06:09:00,137.85,137.85,137.85,137.85,85.0
2019-12-12 06:05:00,137.85,137.85,137.85,137.85,1021.0
2019-12-12 06:04:00,137.9,137.9,137.9,137.9,495.0
2019-12-12 06:02:00,137.85,137.85,137.8,137.8,1405.0
2019-12-12 06:00:00,137.85,137.85,137.85,137.85,115.0
2019-12-12 05:58:00,137.75,137.75,137.75,137.75,510.0
2019-12-12 05:57:00,137.85,137.85,137.75,137.8,2499.0
2019-12-12 05:56:00,137.85,137.85,137.85,137.85,99.0
2019-12-12 05:53:00,137.85,137.9,137.7,137.75,1689.0
2019-12-12 05:52:00,137.9,137.9,137.9,137.9,945.0
2019-12-12 05:51:00,137.9,137.9,137.9,137.9,178.0
2019-12-12 05:50:00,137.9,137.9,137.9,137.9,47.0
2019-12-12 05:49:00,137.95,137.95,137.95,137.95,204.0
2019-12-12 05:47:00,137.85,137.95,137.85,137.95,717.0
2019-12-12 05:46:00,137.8,137.8,137.8,137.8,89.0
2019-12-12 05:45:00,137.75,137.75,137.65,137.75,879.0
2019-12-12 05:41:00,137.8,137.8,137.7,137.75,402.0
2019-12-12 05:39:00,137.8,137.8,137.8,137.8,171.0
2019-12-12 05:38:00,137.8,137.8,137.8,137.8,217.0
2019-12-12 05:37:00,137.85,137.85,137.8,137.8,150.0
2019-12-12 05:36:00,137.85,137.85,137.85,137.85,32.0
2019-12-12 05:35:00,137.85,137.85,137.85,137.85,90.0
2019-12-12 05:34:00,137.8,137.8,137.8,137.8,137.0
2019-12-12 05:32:00,137.85,137.85,137.85,137.85,222.0
2019-12-12 05:31:00,137.85,137.9,137.85,137.9,879.0
2019-12-12 05:30:00,137.85,137.85,137.85,137.85,49.0
2019-12-12 05:29:00,137.85,137.85,137.85,137.85,373.0
2019-12-12 05:28:00,137.8,137.85,137.8,137.85,63.0
2019-12-12 05:27:00,137.9,137.9,137.75,137.8,502.0
2019-12-12 05:24:00,138.0,138.0,138.0,138.0,43.0
2019-12-12 05:23:00,138.0,138.05,138.0,138.0,244.0
2019-12-12 05:22:00,138.15,138.15,138.1,138.1,382.0
2019-12-12 05:20:00,138.05,138.2,138.05,138.2,1169.0
2019-12-12 05:19:00,138.25,138.25,138.1,138.1,502.0
2019-12-12 05:16:00,138.3,138.3,138.25,138.25,336.0
2019-12-12 05:15:00,138.3,138.35,138.3,138.35,656.0
2019-12-12 05:14:00,138.4,138.4,138.2,138.25,3102.0
2019-12-12 05:12:00,138.5,138.5,138.45,138.45,376.0
2019-12-12 05:11:00,138.5,138.55,138.5,138.55,385.0
2019-12-12 05:09:00,138.55,138.55,138.55,138.55,285.0
2019-12-12 05:08:00,138.65,138.65,138.6,138.6,1255.0
2019-12-12 05:05:00,138.65,138.65,138.65,138.65,940.0
2019-12-12 05:03:00,138.6,138.65,138.6,138.65,500.0
2019-12-12 05:02:00,138.65,138.65,138.65,138.65,522.0
2019-12-12 05:00:00,138.6,138.6,138.6,138.6,84.0
2019-12-12 04:57:00,138.6,138.6,138.6,138.6,460.0
2019-12-12 04:54:00,138.75,138.75,138.55,138.55,1001.0
2019-12-12 04:53:00,138.7,138.75,138.7,138.75,783.0
2019-12-12 04:52:00,138.65,138.75,138.65,138.75,855.0
2019-12-12 04:51:00,138.6,138.65,138.6,138.65,769.0
2019-12-12 04:50:00,138.5,138.75,138.5,138.6,5414.0
2019-12-12 04:49:00,138.5,138.55,138.5,138.55,1417.0
2019-12-12 04:48:00,138.45,138.45,138.45,138.45,1.0
2019-12-12 04:46:00,138.45,138.45,138.45,138.45,243.0
2019-12-12 04:44:00,138.5,138.5,138.5,138.5,44.0
2019-12-12 04:40:00,138.5,138.5,138.5,138.5,293.0
2019-12-12 04:37:00,138.5,138.5,138.5,138.5,125.0
2019-12-12 04:36:00,138.5,138.5,138.45,138.5,786.0
2019-12-12 04:34:00,138.45,138.45,138.45,138.45,22.0
2019-12-12 04:33:00,138.5,138.5,138.5,138.5,126.0
2019-12-12 04:32:00,138.5,138.5,138.5,138.5,42.0
2019-12-12 04:30:00,138.6,138.6,138.6,138.6,26.0
2019-12-12 04:28:00,138.55,138.6,138.55,138.6,154.0
2019-12-12 04:27:00,138.5,138.5,138.5,138.5,330.0
2019-12-12 04:26:00,138.5,138.5,138.5,138.5,35.0
2019-12-12 04:25:00,138.45,138.45,138.45,138.45,78.0
2019-12-12 04:24:00,138.35,138.45,138.35,138.45,1729.0
2019-12-12 04:23:00,138.4,138.4,138.4,138.4,61.0
2019-12-12 04:21:00,138.35,138.35,138.35,138.35,126.0
2019-12-12 04:19:00,138.35,138.35,138.35,138.35,27.0
2019-12-12 04:18:00,138.3,138.3,138.3,138.3,58.0
2019-12-12 04:17:00,138.25,138.25,138.15,138.2,687.0
2019-12-12 04:16:00,138.2,138.3,138.2,138.3,808.0
2019-12-12 04:15:00,138.25,138.25,138.25,138.25,116.0
2019-12-12 04:12:00,138.4,138.4,138.4,138.4,59.0
2019-12-12 04:11:00,138.35,138.45,138.35,138.45,587.0
2019-12-12 04:10:00,138.4,138.4,138.4,138.4,61.0
2019-12-12 04:09:00,138.35,138.35,138.3,138.35,1174.0
2019-12-12 04:07:00,138.2,138.3,138.2,138.3,401.0
2019-12-12 04:06:00,138.2,138.2,138.2,138.2,159.0
2019-12-12 04:05:00,138.2,138.2,138.2,138.2,258.0
2019-12-12 04:04:00,138.15,138.2,138.15,138.2,296.0
2019-12-12 04:02:00,138.1,138.1,138.1,138.1,276.0
2019-12-12 04:00:00,138.1,138.1,138.1,138.1,17.0
2019-12-12 03:58:00,138.2,138.2,138.1,138.1,827.0
2019-12-12 03:57:00,138.15,138.3,138.15,138.3,1064.0
2019-12-12 03:56:00,138.1,138.1,138.1,138.1,196.0
2019-12-12 03:55:00,138.0,138.1,138.0,138.1,443.0
2019-12-12 03:54:00,138.0,138.0,138.0,138.0,221.0
2019-12-12 03:53:00,137.95,137.95,137.95,137.95,352.0
2019-12-12 03:52:00,137.9,137.95,137.9,137.95,1001.0
2019-12-12 03:50:00,137.9,138.0,137.9,137.95,1638.0
2019-12-12 03:49:00,138.0,138.0,138.0,138.0,32.0
2019-12-12 03:48:00,137.9,137.9,137.9,137.9,14398.0
2019-12-12 03:47:00,137.8,137.8,137.8,137.8,0.0
2019-12-12 03:46:00,137.65,137.75,137.65,137.75,547.0
2019-12-12 03:43:00,137.7,137.7,137.7,137.7,45.0
2019-12-12 03:42:00,137.75,137.8,137.7,137.7,638.0
2019-12-12 03:40:00,137.7,137.75,137.65,137.75,256.0
2019-12-12 03:38:00,137.7,137.75,137.7,137.75,212.0
2019-12-12 03:36:00,137.5,137.5,137.5,137.5,66.0
2019-12-12 03:35:00,137.4,137.4,137.4,137.4,133.0
2019-12-12 03:34:00,137.45,137.45,137.45,137.45,212.0
2019-12-12 03:33:00,137.35,137.45,137.35,137.45,846.0
2019-12-12 03:32:00,137.45,137.45,137.4,137.4,223.0
2019-12-12 03:31:00,137.55,137.55,137.55,137.55,100.0
2019-12-12 03:30:00,137.55,137.55,137.55,137.55,136.0
2019-12-12 03:29:00,137.7,137.7,137.65,137.65,460.0
2019-12-12 03:28:00,137.75,137.75,137.75,137.75,12.0
2019-12-12 03:26:00,137.7,137.7,137.7,137.7,60.0
2019-12-12 03:25:00,137.65,137.7,137.65,137.65,462.0
2019-12-12 03:24:00,137.6,137.6,137.6,137.6,56.0
2019-12-12 03:23:00,137.65,137.65,137.55,137.55,301.0
2019-12-12 03:22:00,137.65,137.65,137.65,137.65,224.0
2019-12-12 03:21:00,137.8,137.8,137.8,137.8,117.0
2019-12-12 03:20:00,137.8,137.8,137.8,137.8,340.0
2019-12-12 03:18:00,137.75,137.75,137.7,137.75,160.0
2019-12-12 03:17:00,137.7,137.7,137.7,137.7,123.0
2019-12-12 03:16:00,137.8,137.8,137.8,137.8,110.0
2019-12-12 03:15:00,137.7,137.75,137.7,137.75,232.0
2019-12-12 03:14:00,137.75,137.75,137.65,137.65,868.0
2019-12-12 03:13:00,137.8,137.85,137.8,137.8,343.0
2019-12-12 03:10:00,138.05,138.05,138.05,138.05,18.0
2019-12-12 03:09:00,138.1,138.1,138.1,138.1,111.0
2019-12-12 03:07:00,138.35,138.35,138.3,138.35,6178.0
2019-12-12 03:06:00,138.3,138.3,138.3,138.3,0.0
2019-12-12 03:05:00,138.35,138.35,138.25,138.25,912.0
2019-12-12 03:04:00,138.2,138.35,138.2,138.35,430.0
2019-12-12 03:03:00,138.25,138.25,138.2,138.2,855.0
2019-12-12 03:02:00,138.1,138.2,138.1,138.1,713.0
2019-12-12 03:01:00,138.0,138.0,137.85,137.85,3113.0
2019-12-12 03:00:00,138.15,138.15,138.15,138.15,0.0
2019-12-11 11:29:00,138.1,138.1,138.05,138.05,194.0
2019-12-11 11:28:00,138.05,138.05,138.05,138.05,1548.0
2019-12-11 11:27:00,138.05,138.05,138.0,138.0,411.0
2019-12-11 11:26:00,138.05,138.05,138.05,138.05,1653.0
2019-12-11 11:25:00,138.0,138.0,138.0,138.0,326.0
2019-12-11 11:24:00,138.05,138.05,138.05,138.05,1230.0
2019-12-11 11:23:00,137.95,138.0,137.95,138.0,2114.0
2019-12-11 11:22:00,137.95,137.95,137.95,137.95,32.0
2019-12-11 11:21:00,138.0,138.0,137.95,137.95,424.0
2019-12-11 11:20:00,138.05,138.05,138.0,138.0,1129.0
2019-12-11 11:19:00,138.1,138.1,138.05,138.05,2625.0
2019-12-11 11:18:00,138.1,138.1,138.1,138.1,849.0
2019-12-11 11:17:00,138.1,138.15,138.05,138.15,2740.0
2019-12-11 11:16:00,138.1,138.1,138.1,138.1,996.0
2019-12-11 11:14:00,138.05,138.05,138.05,138.05,1120.0
2019-12-11 11:13:00,138.05,138.05,138.05,138.05,413.0
2019-12-11 11:12:00,138.0,138.05,138.0,138.05,1469.0
2019-12-11 11:11:00,138.0,138.0,138.0,138.0,190.0
2019-12-11 11:10:00,138.05,138.05,138.05,138.05,669.0
2019-12-11 11:09:00,138.05,138.05,138.05,138.05,32.0
2019-12-11 11:08:00,138.05,138.05,138.05,138.05,1430.0
2019-12-11 11:07:00,138.15,138.15,138.1,138.1,1595.0
2019-12-11 11:06:00,138.15,138.15,138.15,138.15,1207.0
2019-12-11 11:05:00,138.05,138.1,138.05,138.1,1144.0
2019-12-11 11:04:00,138.1,138.1,138.1,138.1,116.0
2019-12-11 11:03:00,138.1,138.1,138.1,138.1,182.0
2019-12-11 11:02:00,138.1,138.1,138.05,138.05,7075.0
2019-12-11 11:01:00,138.2,138.25,138.1,138.1,3482.0
2019-12-11 11:00:00,138.2,138.2,138.2,138.2,1717.0
2019-12-11 10:58:00,138.2,138.2,138.2,138.2,515.0
2019-12-11 10:57:00,138.15,138.2,138.15,138.15,515.0
2019-12-11 10:56:00,138.2,138.2,138.2,138.2,462.0
2019-12-11 10:54:00,138.15,138.15,138.15,138.15,180.0
2019-12-11 10:53:00,138.2,138.2,138.15,138.15,1982.0
2019-12-11 10:52:00,138.2,138.2,138.2,138.2,32.0
2019-12-11 10:51:00,138.2,138.2,138.2,138.2,1056.0
2019-12-11 10:49:00,138.2,138.25,138.2,138.25,1477.0
2019-12-11 10:46:00,138.2,138.2,138.2,138.2,233.0
2019-12-11 10:45:00,138.2,138.2,138.2,138.2,388.0
2019-12-11 10:43:00,138.2,138.2,138.15,138.15,645.0
2019-12-11 10:42:00,138.2,138.25,138.2,138.2,1255.0
2019-12-11 10:41:00,138.05,138.15,138.05,138.15,2336.0
2019-12-11 10:40:00,138.0,138.0,138.0,138.0,2391.0
2019-12-11 10:39:00,138.05,138.05,138.05,138.05,271.0
2019-12-11 10:38:00,138.05,138.05,138.05,138.05,1386.0
2019-12-11 10:37:00,138.1,138.1,138.05,138.05,1796.0
2019-12-11 10:36:00,138.05,138.05,138.05,138.05,245.0
2019-12-11 10:35:00,138.05,138.05,138.05,138.05,1461.0
2019-12-11 10:34:00,138.05,138.05,138.05,138.05,292.0
2019-12-11 10:33:00,138.0,138.0,138.0,138.0,3540.0
2019-12-11 10:32:00,137.95,137.95,137.95,137.95,354.0
2019-12-11 10:30:00,137.9,137.95,137.9,137.95,1019.0
2019-12-11 10:29:00,137.9,137.9,137.9,137.9,173.0
2019-12-11 10:28:00,137.95,137.95,137.95,137.95,1277.0
2019-12-11 10:27:00,137.9,137.9,137.9,137.9,1242.0
2019-12-11 10:25:00,137.85,137.85,137.85,137.85,132.0
2019-12-11 10:24:00,137.85,137.85,137.85,137.85,32.0
2019-12-11 10:23:00,137.85,137.85,137.85,137.85,173.0
2019-12-11 10:20:00,137.9,137.9,137.9,137.9,79.0
2019-12-11 10:19:00,137.85,137.9,137.85,137.9,608.0
2019-12-11 10:17:00,137.9,137.9,137.9,137.9,473.0
2019-12-11 10:16:00,137.9,137.9,137.9,137.9,33.0
2019-12-11 10:15:00,137.9,137.9,137.9,137.9,32.0
2019-12-11 10:13:00,137.9,137.9,137.9,137.9,258.0
2019-12-11 10:12:00,137.85,137.9,137.85,137.9,982.0
2019-12-11 10:10:00,137.85,137.95,137.85,137.95,452.0
2019-12-11 10:08:00,137.85,137.85,137.8,137.85,325.0
2019-12-11 10:07:00,137.85,137.85,137.85,137.85,291.0
2019-12-11 10:06:00,137.9,137.9,137.85,137.85,732.0
2019-12-11 10:05:00,137.95,137.95,137.95,137.95,1433.0
2019-12-11 10:03:00,138.05,138.05,138.0,138.0,559.0
2019-12-11 10:02:00,138.1,138.1,138.1,138.1,929.0
2019-12-11 10:00:00,138.1,138.15,138.1,138.15,247.0
2019-12-11 09:59:00,138.05,138.1,138.05,138.1,945.0
2019-12-11 09:58:00,137.95,138.0,137.95,138.0,621.0
2019-12-11 09:57:00,137.95,137.95,137.95,137.95,276.0
2019-12-11 09:56:00,137.85,137.9,137.85,137.9,883.0
2019-12-11 09:54:00,137.8,137.8,137.8,137.8,11.0
2019-12-11 09:52:00,137.75,137.8,137.75,137.8,216.0
2019-12-11 09:51:00,137.7,137.75,137.7,137.75,804.0
2019-12-11 09:50:00,137.85,137.85,137.75,137.75,418.0
2019-12-11 09:49:00,137.85,137.85,137.85,137.85,649.0
2019-12-11 09:48:00,137.85,137.95,137.85,137.9,842.0
2019-12-11 09:47:00,137.85,137.9,137.85,137.85,1301.0
2019-12-11 09:46:00,137.85,137.85,137.85,137.85,201.0
2019-12-11 09:45:00,137.85,137.85,137.85,137.85,793.0
2019-12-11 09:44:00,137.85,137.85,137.85,137.85,448.0
2019-12-11 09:43:00,137.75,137.8,137.75,137.8,2055.0
2019-12-11 09:42:00,137.75,137.75,137.75,137.75,384.0
2019-12-11 09:41:00,137.75,137.75,137.75,137.75,204.0
2019-12-11 09:40:00,137.75,137.75,137.7,137.75,2699.0
2019-12-11 09:39:00,137.7,137.75,137.7,137.75,309.0
2019-12-11 09:38:00,137.7,137.7,137.7,137.7,246.0
2019-12-11 09:37:00,137.65,137.7,137.65,137.7,599.0
2019-12-11 09:36:00,137.6,137.6,137.6,137.6,1806.0
2019-12-11 09:35:00,137.65,137.65,137.65,137.65,204.0
2019-12-11 09:34:00,137.6,137.6,137.6,137.6,163.0
2019-12-11 09:33:00,137.6,137.6,137.55,137.55,1426.0
2019-12-11 09:32:00,137.5,137.55,137.5,137.55,334.0
2019-12-11 09:31:00,137.5,137.5,137.5,137.5,221.0
2019-12-11 09:30:00,137.5,137.55,137.5,137.55,994.0
2019-12-11 09:28:00,137.45,137.45,137.4,137.45,1773.0
2019-12-11 09:27:00,137.45,137.45,137.4,137.4,2535.0
2019-12-11 09:25:00,137.45,137.5,137.45,137.5,1578.0
2019-12-11 09:24:00,137.45,137.55,137.45,137.5,1564.0
2019-12-11 09:23:00,137.45,137.45,137.45,137.45,121.0
2019-12-11 09:22:00,137.45,137.45,137.45,137.45,651.0
2019-12-11 09:16:00,137.45,137.45,137.45,137.45,215.0
2019-12-11 09:15:00,137.4,137.4,137.4,137.4,323.0
2019-12-11 09:14:00,137.3,137.35,137.3,137.35,1673.0
2019-12-11 09:10:00,137.25,137.35,137.25,137.35,507.0
2019-12-11 09:09:00,137.25,137.25,137.25,137.25,378.0
2019-12-11 09:08:00,137.25,137.3,137.25,137.3,36.0
2019-12-11 09:07:00,137.25,137.25,137.15,137.25,799.0
2019-12-11 09:06:00,137.3,137.3,137.3,137.3,386.0
2019-12-11 09:04:00,137.25,137.35,137.25,137.35,146.0
2019-12-11 09:03:00,137.2,137.2,137.2,137.2,621.0
2019-12-11 09:01:00,137.25,137.3,137.25,137.3,986.0
2019-12-11 09:00:00,137.3,137.31,137.21,137.25,1634.0
2019-12-11 08:58:00,137.25,137.25,137.2,137.25,520.0
2019-12-11 08:56:00,137.25,137.25,137.25,137.25,145.0
2019-12-11 08:55:00,137.2,137.25,137.2,137.25,3435.0
2019-12-11 08:53:00,137.25,137.25,137.25,137.25,305.0
2019-12-11 08:52:00,137.2,137.2,137.2,137.2,285.0
2019-12-11 08:51:00,137.15,137.2,137.15,137.2,1126.0
2019-12-11 08:50:00,137.15,137.15,137.15,137.15,8.0
2019-12-11 08:49:00,137.15,137.15,137.15,137.15,244.0
2019-12-11 08:48:00,137.1,137.15,137.1,137.15,691.0
2019-12-11 08:47:00,137.05,137.1,137.05,137.1,387.0
2019-12-11 08:46:00,137.05,137.05,137.05,137.05,130.0
2019-12-11 08:45:00,137.0,137.0,137.0,137.0,285.0
2019-12-11 08:44:00,136.9,136.95,136.9,136.95,310.0
2019-12-11 08:43:00,136.85,136.85,136.85,136.85,157.0
2019-12-11 08:41:00,136.8,136.8,136.8,136.8,12.0
2019-12-11 08:40:00,136.7,136.7,136.7,136.7,158.0
2019-12-11 08:39:00,136.75,136.75,136.75,136.75,49.0
2019-12-11 08:35:00,136.65,136.65,136.65,136.65,75.0
2019-12-11 08:33:00,136.6,136.6,136.55,136.6,1118.0
2019-12-11 08:32:00,136.7,136.7,136.6,136.6,2348.0
2019-12-11 08:31:00,136.75,136.75,136.75,136.75,566.0
2019-12-11 08:30:00,136.7,136.7,136.7,136.7,48.0
2019-12-11 08:29:00,136.7,136.75,136.7,136.75,203.0
2019-12-11 08:25:00,136.6,136.6,136.6,136.6,160.0
2019-12-11 08:24:00,136.55,136.55,136.55,136.55,38.0
2019-12-11 08:23:00,136.5,136.5,136.5,136.5,319.0
2019-12-11 08:22:00,136.55,136.55,136.55,136.55,634.0
2019-12-11 08:19:00,136.6,136.6,136.5,136.5,782.0
2019-12-11 08:18:00,136.7,136.7,136.65,136.65,620.0
2019-12-11 08:16:00,136.7,136.7,136.65,136.65,789.0
2019-12-11 08:14:00,136.75,136.75,136.75,136.75,596.0
2019-12-11 08:13:00,136.65,136.7,136.6,136.7,1450.0
2019-12-11 08:12:00,136.75,136.75,136.65,136.65,3516.0
2019-12-11 08:11:00,136.85,136.85,136.8,136.8,1393.0
2019-12-11 08:10:00,136.85,136.9,136.85,136.9,1078.0
2019-12-11 08:09:00,136.85,136.85,136.85,136.85,191.0
2019-12-11 08:08:00,136.9,136.9,136.9,136.9,81.0
2019-12-11 08:07:00,136.95,136.95,136.9,136.9,287.0
2019-12-11 08:05:00,136.95,136.95,136.95,136.95,61.0
2019-12-11 08:02:00,136.95,136.95,136.9,136.9,625.0
2019-12-11 08:00:00,137.05,137.05,137.0,137.0,578.0
2019-12-11 07:59:00,137.05,137.05,137.05,137.05,1107.0
2019-12-11 07:55:00,137.1,137.1,137.1,137.1,60.0
2019-12-11 07:53:00,137.05,137.1,137.05,137.1,290.0
2019-12-11 07:52:00,136.95,137.0,136.95,137.0,381.0
2019-12-11 07:51:00,136.95,136.95,136.95,136.95,124.0
2019-12-11 07:50:00,136.9,136.9,136.9,136.9,255.0
2019-12-11 07:49:00,136.9,136.9,136.9,136.9,125.0
2019-12-11 07:48:00,136.85,137.0,136.85,137.0,492.0
2019-12-11 07:47:00,136.85,136.85,136.85,136.85,121.0
2019-12-11 07:45:00,136.85,136.9,136.85,136.9,492.0
2019-12-11 07:43:00,136.8,136.8,136.8,136.8,115.0
2019-12-11 07:42:00,136.8,136.8,136.8,136.8,145.0
2019-12-11 07:40:00,136.75,136.75,136.75,136.75,156.0
2019-12-11 07:39:00,136.65,136.65,136.65,136.65,20.0
2019-12-11 07:38:00,136.75,136.75,136.7,136.7,38.0
2019-12-11 07:37:00,136.8,136.8,136.8,136.8,201.0
2019-12-11 07:36:00,136.85,136.85,136.75,136.8,1742.0
2019-12-11 07:35:00,136.9,136.9,136.9,136.9,32.0
2019-12-11 07:34:00,136.9,136.9,136.9,136.9,32.0
2019-12-11 07:33:00,136.9,136.9,136.9,136.9,23.0
2019-12-11 07:32:00,136.85,136.9,136.85,136.9,176.0
2019-12-11 07:31:00,136.85,136.85,136.85,136.85,814.0
2019-12-11 07:30:00,136.9,136.9,136.9,136.9,488.0
2019-12-11 07:29:00,136.85,136.85,136.85,136.85,125.0
2019-12-11 07:26:00,136.7,136.8,136.7,136.75,1842.0
2019-12-11 07:25:00,136.65,136.65,136.65,136.65,152.0
2019-12-11 07:24:00,136.65,136.65,136.65,136.65,413.0
2019-12-11 07:21:00,136.6,136.6,136.6,136.6,90.0
2019-12-11 07:20:00,136.6,136.6,136.6,136.6,951.0
2019-12-11 07:19:00,136.6,136.6,136.6,136.6,125.0
2019-12-11 07:18:00,136.55,136.55,136.55,136.55,86.0
2019-12-11 07:16:00,136.5,136.5,136.5,136.5,243.0
2019-12-11 07:13:00,136.4,136.45,136.4,136.45,382.0
2019-12-11 07:12:00,136.35,136.4,136.35,136.4,1511.0
2019-12-11 07:11:00,136.4,136.4,136.4,136.4,86.0
2019-12-11 07:10:00,136.3,136.3,136.3,136.3,815.0
2019-12-11 07:09:00,136.3,136.3,136.3,136.3,40.0
2019-12-11 07:08:00,136.35,136.35,136.35,136.35,80.0
2019-12-11 07:07:00,136.35,136.35,136.35,136.35,132.0
2019-12-11 07:06:00,136.35,136.35,136.35,136.35,125.0
2019-12-11 07:05:00,136.35,136.35,136.3,136.35,1010.0
2019-12-11 07:04:00,136.4,136.4,136.35,136.35,535.0
2019-12-11 07:03:00,136.45,136.45,136.45,136.45,380.0
2019-12-11 07:02:00,136.55,136.55,136.45,136.45,398.0
2019-12-11 06:59:00,136.45,136.45,136.45,136.45,108.0
2019-12-11 06:57:00,136.45,136.45,136.45,136.45,45.0
2019-12-11 06:56:00,136.45,136.45,136.45,136.45,230.0
2019-12-11 06:54:00,136.5,136.5,136.5,136.5,460.0
2019-12-11 06:53:00,136.55,136.6,136.55,136.6,526.0
2019-12-11 06:52:00,136.5,136.55,136.5,136.55,527.0
2019-12-11 06:51:00,136.5,136.5,136.5,136.5,367.0
2019-12-11 06:50:00,136.5,136.5,136.5,136.5,85085.0
2019-12-11 06:48:00,136.45,136.45,136.45,136.45,0.0
2019-12-11 06:47:00,136.5,136.5,136.5,136.5,142.0
2019-12-11 06:45:00,136.45,136.45,136.45,136.45,208.0
2019-12-11 06:44:00,136.45,136.45,136.45,136.45,154.0
2019-12-11 06:43:00,136.35,136.35,136.35,136.35,139.0
2019-12-11 06:42:00,136.4,136.4,136.4,136.4,197.0
2019-12-11 06:40:00,136.4,136.4,136.4,136.4,125.0
2019-12-11 06:39:00,136.4,136.4,136.4,136.4,522.0
2019-12-11 06:36:00,136.35,136.35,136.35,136.35,38.0
2019-12-11 06:34:00,136.35,136.35,136.35,136.35,42.0
2019-12-11 06:33:00,136.3,136.35,136.3,136.35,480.0
2019-12-11 06:32:00,136.35,136.35,136.3,136.3,1448.0
2019-12-11 06:31:00,136.3,136.35,136.3,136.35,442.0
2019-12-11 06:30:00,136.3,136.3,136.3,136.3,1746.0
2019-12-11 06:29:00,136.3,136.3,136.3,136.3,165.0
2019-12-11 06:28:00,136.25,136.25,136.25,136.25,151.0
2019-12-11 06:27:00,136.2,136.2,136.2,136.2,230.0
2019-12-11 06:24:00,136.25,136.25,136.25,136.25,432.0
2019-12-11 06:22:00,136.25,136.25,136.25,136.25,145.0
2019-12-11 06:21:00,136.2,136.2,136.2,136.2,134.0
2019-12-11 06:20:00,136.15,136.15,136.15,136.15,125.0
2019-12-11 06:19:00,136.15,136.15,136.15,136.15,68.0
2019-12-11 06:18:00,136.15,136.15,136.15,136.15,262.0
2019-12-11 06:16:00,136.2,136.2,136.2,136.2,264.0
2019-12-11 06:14:00,136.25,136.25,136.25,136.25,41.0
2019-12-11 06:13:00,136.25,136.25,136.25,136.25,76.0
2019-12-11 06:12:00,136.25,136.25,136.25,136.25,228.0
2019-12-11 06:11:00,136.25,136.25,136.25,136.25,190.0
2019-12-11 06:08:00,136.3,136.3,136.3,136.3,329.0
2019-12-11 06:04:00,136.3,136.3,136.3,136.3,420.0
2019-12-11 06:02:00,136.35,136.35,136.35,136.35,108.0
2019-12-11 06:01:00,136.35,136.35,136.35,136.35,143.0
2019-12-11 05:58:00,136.3,136.3,136.3,136.3,594.0
2019-12-11 05:57:00,136.35,136.35,136.35,136.35,85.0
2019-12-11 05:56:00,136.35,136.35,136.35,136.35,276.0
2019-12-11 05:55:00,136.4,136.4,136.35,136.35,454.0
2019-12-11 05:54:00,136.4,136.4,136.4,136.4,1970.0
2019-12-11 05:51:00,136.3,136.3,136.3,136.3,317.0
2019-12-11 05:49:00,136.25,136.25,136.25,136.25,342.0
2019-12-11 05:43:00,136.25,136.25,136.25,136.25,249.0
2019-12-11 05:41:00,136.3,136.3,136.3,136.3,378.0
2019-12-11 05:39:00,136.25,136.25,136.25,136.25,356.0
2019-12-11 05:38:00,136.25,136.25,136.25,136.25,120.0
2019-12-11 05:37:00,136.4,136.4,136.25,136.3,2554.0
2019-12-11 05:36:00,136.4,136.4,136.4,136.4,179.0
2019-12-11 05:35:00,136.35,136.35,136.35,136.35,765.0
2019-12-11 05:34:00,136.35,136.35,136.35,136.35,42.0
2019-12-11 05:33:00,136.35,136.35,136.35,136.35,167.0
2019-12-11 05:32:00,136.4,136.4,136.4,136.4,847.0
2019-12-11 05:31:00,136.4,136.4,136.4,136.4,200.0
2019-12-11 05:29:00,136.35,136.35,136.35,136.35,897.0
2019-12-11 05:26:00,136.25,136.25,136.25,136.25,140.0
2019-12-11 05:24:00,136.25,136.3,136.25,136.3,511.0
2019-12-11 05:21:00,136.3,136.3,136.3,136.3,233.0
2019-12-11 05:18:00,136.25,136.25,136.2,136.2,1689.0
2019-12-11 05:17:00,136.2,136.2,136.2,136.2,250.0
2019-12-11 05:13:00,136.15,136.15,136.15,136.15,248.0
2019-12-11 05:11:00,136.15,136.2,136.15,136.2,647.0
2019-12-11 05:10:00,136.1,136.1,136.1,136.1,75.0
2019-12-11 05:09:00,136.15,136.2,136.15,136.2,861.0
2019-12-11 05:08:00,136.1,136.1,136.0,136.1,2379.0
2019-12-11 05:07:00,136.15,136.15,136.15,136.15,245.0
2019-12-11 05:06:00,136.15,136.15,136.15,136.15,382.0
2019-12-11 05:05:00,136.15,136.15,136.15,136.15,220.0
2019-12-11 05:04:00,136.2,136.2,136.2,136.2,153.0
2019-12-11 05:02:00,136.25,136.25,136.25,136.25,161.0
2019-12-11 05:01:00,136.2,136.2,136.2,136.2,218.0
2019-12-11 05:00:00,136.25,136.3,136.25,136.3,1021.0
2019-12-11 04:56:00,136.2,136.2,136.2,136.2,36.0
2019-12-11 04:55:00,136.15,136.15,136.15,136.15,122.0
2019-12-11 04:53:00,136.1,136.1,136.1,136.1,72.0
2019-12-11 04:52:00,136.1,136.15,136.1,136.15,591.0
2019-12-11 04:51:00,136.15,136.15,136.15,136.15,31.0
2019-12-11 04:49:00,136.1,136.1,136.1,136.1,197.0
2019-12-11 04:47:00,136.1,136.1,136.1,136.1,38.0
2019-12-11 04:45:00,136.1,136.1,136.1,136.1,161.0
2019-12-11 04:44:00,136.15,136.15,136.15,136.15,99.0
2019-12-11 04:42:00,136.2,136.2,136.2,136.2,396.0
2019-12-11 04:41:00,136.25,136.25,136.25,136.25,340.0
2019-12-11 04:40:00,136.25,136.25,136.25,136.25,228.0
2019-12-11 04:39:00,136.25,136.25,136.25,136.25,62.0
2019-12-11 04:38:00,136.25,136.25,136.25,136.25,252.0
2019-12-11 04:37:00,136.25,136.25,136.25,136.25,185.0
2019-12-11 04:35:00,136.3,136.3,136.3,136.3,67.0
2019-12-11 04:34:00,136.3,136.3,136.3,136.3,73.0
2019-12-11 04:33:00,136.25,136.25,136.25,136.25,456.0
2019-12-11 04:32:00,136.25,136.25,136.25,136.25,278.0
2019-12-11 04:31:00,136.5,136.5,136.35,136.35,472.0
2019-12-11 04:30:00,136.55,136.55,136.55,136.55,1024.0
2019-12-11 04:29:00,136.6,136.6,136.55,136.6,762.0
2019-12-11 04:27:00,136.55,136.55,136.55,136.55,186.0
2019-12-11 04:25:00,136.5,136.55,136.5,136.55,699.0
2019-12-11 04:24:00,136.45,136.45,136.45,136.45,998.0
2019-12-11 04:23:00,136.4,136.45,136.4,136.45,355.0
2019-12-11 04:22:00,136.4,136.4,136.4,136.4,313.0
2019-12-11 04:20:00,136.45,136.45,136.45,136.45,301.0
2019-12-11 04:19:00,136.45,136.5,136.45,136.45,645.0
2019-12-11 04:18:00,136.4,136.4,136.4,136.4,386.0
2019-12-11 04:16:00,136.4,136.4,136.4,136.4,165.0
2019-12-11 04:14:00,136.4,136.4,136.4,136.4,659.0
2019-12-11 04:12:00,136.4,136.4,136.4,136.4,44.0
2019-12-11 04:10:00,136.25,136.35,136.25,136.35,486.0
2019-12-11 04:07:00,136.3,136.3,136.3,136.3,8.0
2019-12-11 04:06:00,136.3,136.3,136.3,136.3,8.0
2019-12-11 04:05:00,136.15,136.15,136.15,136.15,234.0
2019-12-11 04:04:00,136.1,136.2,136.1,136.2,860.0
2019-12-11 04:03:00,136.25,136.25,136.15,136.15,75.0
2019-12-11 04:00:00,136.45,136.45,136.35,136.35,307.0
2019-12-11 03:59:00,136.45,136.45,136.45,136.45,154.0
2019-12-11 03:58:00,136.55,136.55,136.5,136.5,333.0
2019-12-11 03:57:00,136.45,136.5,136.45,136.5,460.0
2019-12-11 03:55:00,136.6,136.6,136.55,136.55,3041.0
2019-12-11 03:54:00,136.75,136.75,136.5,136.6,3300.0
2019-12-11 03:52:00,136.9,136.9,136.8,136.8,270.0
2019-12-11 03:51:00,136.9,136.95,136.9,136.95,105.0
2019-12-11 03:50:00,136.85,136.9,136.85,136.9,414.0
2019-12-11 03:47:00,136.9,136.9,136.9,136.9,83.0
2019-12-11 03:46:00,137.0,137.0,136.95,136.95,235.0
2019-12-11 03:45:00,136.95,137.0,136.95,137.0,630.0
2019-12-11 03:44:00,137.0,137.0,137.0,137.0,31.0
2019-12-11 03:43:00,137.05,137.05,137.05,137.05,113.0
2019-12-11 03:42:00,137.15,137.15,137.1,137.1,650.0
2019-12-11 03:41:00,137.1,137.2,137.1,137.2,320.0
2019-12-11 03:40:00,137.1,137.1,137.05,137.05,351.0
2019-12-11 03:39:00,137.1,137.15,137.1,137.1,182.0
2019-12-11 03:38:00,137.0,137.1,137.0,137.1,802.0
2019-12-11 03:37:00,137.05,137.05,137.0,137.0,1054.0
2019-12-11 03:36:00,137.1,137.1,137.05,137.05,381.0
2019-12-11 03:35:00,137.1,137.2,137.05,137.15,2159.0
2019-12-11 03:34:00,137.05,137.05,137.05,137.05,17.0
2019-12-11 03:33:00,136.95,137.0,136.95,137.0,504.0
2019-12-11 03:32:00,136.85,136.9,136.85,136.9,158.0
2019-12-11 03:31:00,136.85,136.85,136.8,136.8,1180.0
2019-12-11 03:30:00,136.8,136.85,136.8,136.85,1234.0
2019-12-11 03:29:00,136.75,136.75,136.75,136.75,18.0
2019-12-11 03:28:00,136.75,136.75,136.75,136.75,280.0
2019-12-11 03:27:00,136.75,136.75,136.75,136.75,89.0
2019-12-11 03:26:00,136.75,136.75,136.7,136.75,332.0
2019-12-11 03:25:00,136.75,136.8,136.75,136.8,585.0
2019-12-11 03:24:00,136.8,136.8,136.8,136.8,44.0
2019-12-11 03:23:00,136.9,136.9,136.85,136.85,755.0
2019-12-11 03:22:00,136.85,137.0,136.85,136.95,1384.0
2019-12-11 03:21:00,136.9,136.9,136.8,136.8,235.0
2019-12-11 03:20:00,137.1,137.1,136.95,136.95,539.0
2019-12-11 03:19:00,137.0,137.15,137.0,137.1,3628.0
2019-12-11 03:18:00,136.85,136.95,136.85,136.95,342.0
2019-12-11 03:17:00,137.0,137.0,136.85,136.85,1305.0
2019-12-11 03:16:00,137.0,137.0,136.95,136.95,327.0
2019-12-11 03:15:00,136.8,137.0,136.8,137.0,567.0
2019-12-11 03:14:00,136.75,136.8,136.75,136.8,133.0
2019-12-11 03:13:00,136.8,136.8,136.75,136.75,813.0
2019-12-11 03:12:00,136.75,136.8,136.7,136.75,772.0
2019-12-11 03:10:00,136.95,136.95,136.85,136.85,265.0
2019-12-11 03:09:00,136.95,137.0,136.9,136.95,358.0
2019-12-11 03:08:00,137.0,137.0,136.9,137.0,2754.0
2019-12-11 03:07:00,136.9,136.95,136.9,136.95,1028.0
2019-12-11 03:06:00,136.8,136.85,136.75,136.85,4269.0
2019-12-11 03:05:00,136.7,136.85,136.7,136.85,916.0
2019-12-11 03:04:00,136.65,136.65,136.65,136.65,158.0
2019-12-11 03:03:00,136.55,136.7,136.45,136.7,923.0
2019-12-11 03:02:00,136.45,136.55,136.45,136.55,481.0
2019-12-11 03:00:00,136.2,136.26,136.16,136.25,0.0
2019-12-10 11:29:00,135.95,136.0,135.85,135.9,1794.0
2019-12-10 11:28:00,136.0,136.05,135.95,136.0,4090.0
2019-12-10 11:27:00,136.0,136.0,136.0,136.0,1006.0
2019-12-10 11:26:00,136.0,136.0,136.0,136.0,967.0
2019-12-10 11:25:00,135.95,136.0,135.95,136.0,1064.0
2019-12-10 11:24:00,135.95,135.95,135.9,135.9,1343.0
2019-12-10 11:23:00,136.0,136.0,136.0,136.0,403.0
2019-12-10 11:22:00,136.0,136.0,136.0,136.0,31.0
2019-12-10 11:21:00,136.0,136.0,136.0,136.0,682.0
2019-12-10 11:20:00,136.0,136.0,135.95,136.0,2150.0
2019-12-10 11:19:00,136.0,136.0,136.0,136.0,1142.0
2019-12-10 11:18:00,136.0,136.0,136.0,136.0,1609.0
2019-12-10 11:17:00,136.0,136.0,136.0,136.0,1641.0
2019-12-10 11:16:00,136.0,136.0,135.95,135.95,1892.0
2019-12-10 11:15:00,136.0,136.0,136.0,136.0,530.0
2019-12-10 11:14:00,135.95,135.95,135.95,135.95,914.0
2019-12-10 11:13:00,136.0,136.0,136.0,136.0,15.0
2019-12-10 11:12:00,136.0,136.0,136.0,136.0,551.0
2019-12-10 11:11:00,136.0,136.0,136.0,136.0,363.0
2019-12-10 11:10:00,135.95,136.0,135.95,136.0,1351.0
2019-12-10 11:09:00,136.0,136.0,136.0,136.0,546.0
2019-12-10 11:08:00,136.0,136.05,136.0,136.05,5959.0
2019-12-10 11:07:00,135.95,135.95,135.95,135.95,295.0
2019-12-10 11:06:00,135.95,135.95,135.9,135.95,513.0
2019-12-10 11:05:00,136.05,136.1,136.0,136.0,7203.0
2019-12-10 11:04:00,136.0,136.05,136.0,136.05,1071.0
2019-12-10 11:03:00,136.05,136.05,135.95,135.95,2243.0
2019-12-10 11:02:00,136.25,136.25,136.1,136.1,2044.0
2019-12-10 11:01:00,136.3,136.35,136.3,136.35,4603.0
2019-12-10 11:00:00,136.25,136.3,136.25,136.3,2744.0
2019-12-10 10:59:00,136.3,136.3,136.3,136.3,5196.0
2019-12-10 10:58:00,136.3,136.3,136.3,136.3,31.0
2019-12-10 10:57:00,136.3,136.3,136.3,136.3,32.0
2019-12-10 10:56:00,136.3,136.3,136.3,136.3,379.0
2019-12-10 10:54:00,136.25,136.25,136.25,136.25,646.0
2019-12-10 10:52:00,136.3,136.3,136.25,136.25,873.0
2019-12-10 10:50:00,136.25,136.25,136.25,136.25,0.0
2019-12-10 10:49:00,136.3,136.3,136.25,136.25,1218.0
2019-12-10 10:47:00,136.35,136.35,136.35,136.35,306.0
2019-12-10 10:46:00,136.35,136.35,136.35,136.35,33.0
2019-12-10 10:45:00,136.35,136.35,136.35,136.35,486.0
2019-12-10 10:44:00,136.35,136.35,136.35,136.35,399.0
2019-12-10 10:43:00,136.35,136.35,136.35,136.35,675.0
2019-12-10 10:42:00,136.35,136.35,136.35,136.35,644.0
2019-12-10 10:41:00,136.4,136.4,136.4,136.4,436.0
2019-12-10 10:40:00,136.4,136.4,136.4,136.4,76.0
2019-12-10 10:39:00,136.4,136.4,136.4,136.4,31.0
2019-12-10 10:37:00,136.4,136.4,136.4,136.4,318.0
2019-12-10 10:36:00,136.4,136.4,136.4,136.4,31.0
2019-12-10 10:35:00,136.4,136.4,136.4,136.4,134.0
2019-12-10 10:34:00,136.35,136.4,136.35,136.4,378.0
2019-12-10 10:33:00,136.35,136.35,136.35,136.35,744.0
2019-12-10 10:32:00,136.4,136.4,136.4,136.4,635.0
2019-12-10 10:31:00,136.45,136.45,136.35,136.35,968.0
2019-12-10 10:30:00,136.45,136.45,136.45,136.45,330.0
2019-12-10 10:29:00,136.4,136.4,136.4,136.4,230.0
2019-12-10 10:28:00,136.4,136.4,136.4,136.4,316.0
2019-12-10 10:27:00,136.4,136.4,136.4,136.4,424.0
2019-12-10 10:26:00,136.5,136.5,136.45,136.45,1024.0
2019-12-10 10:25:00,136.45,136.5,136.45,136.5,1001.0
2019-12-10 10:24:00,136.5,136.55,136.45,136.45,1611.0
2019-12-10 10:23:00,136.5,136.5,136.5,136.5,371.0
2019-12-10 10:22:00,136.5,136.5,136.5,136.5,208.0
2019-12-10 10:21:00,136.5,136.5,136.5,136.5,168.0
2019-12-10 10:20:00,136.5,136.5,136.5,136.5,434.0
2019-12-10 10:19:00,136.55,136.55,136.55,136.55,248.0
2019-12-10 10:18:00,136.55,136.55,136.55,136.55,60.0
2019-12-10 10:17:00,136.45,136.5,136.45,136.5,1542.0
2019-12-10 10:16:00,136.45,136.45,136.45,136.45,32.0
2019-12-10 10:15:00,136.4,136.4,136.4,136.4,193.0
2019-12-10 10:13:00,136.35,136.35,136.35,136.35,593.0
2019-12-10 10:12:00,136.35,136.35,136.3,136.35,1993.0
2019-12-10 10:11:00,136.4,136.4,136.35,136.35,4133.0
2019-12-10 10:10:00,136.4,136.4,136.4,136.4,1039.0
2019-12-10 10:08:00,136.35,136.4,136.35,136.4,1261.0
2019-12-10 10:07:00,136.3,136.3,136.3,136.3,448.0
2019-12-10 10:06:00,136.35,136.35,136.3,136.3,837.0
2019-12-10 10:05:00,136.35,136.4,136.35,136.4,1035.0
2019-12-10 10:04:00,136.2,136.25,136.2,136.25,643.0
2019-12-10 10:03:00,136.25,136.3,136.2,136.2,945.0
2019-12-10 10:01:00,136.1,136.2,136.1,136.2,1816.0
2019-12-10 09:59:00,136.15,136.2,136.15,136.2,339.0
2019-12-10 09:58:00,136.2,136.2,136.15,136.15,2633.0
2019-12-10 09:57:00,136.25,136.25,136.2,136.2,629.0
2019-12-10 09:55:00,136.25,136.25,136.2,136.2,2203.0
2019-12-10 09:54:00,136.25,136.35,136.25,136.25,4244.0
2019-12-10 09:53:00,136.2,136.2,136.2,136.2,1242.0
2019-12-10 09:52:00,136.15,136.25,136.15,136.2,2056.0
2019-12-10 09:51:00,136.1,136.1,136.1,136.1,558.0
2019-12-10 09:50:00,136.05,136.05,136.05,136.05,596.0
2019-12-10 09:48:00,136.05,136.1,136.05,136.05,879.0
2019-12-10 09:47:00,136.05,136.05,136.05,136.05,86.0
2019-12-10 09:46:00,136.05,136.05,136.05,136.05,261.0
2019-12-10 09:45:00,136.0,136.0,136.0,136.0,871.0
2019-12-10 09:44:00,136.0,136.0,136.0,136.0,1083.0
2019-12-10 09:42:00,135.95,135.95,135.9,135.9,1450.0
2019-12-10 09:41:00,135.95,135.95,135.95,135.95,894.0
2019-12-10 09:38:00,136.0,136.0,135.95,135.95,2367.0
2019-12-10 09:37:00,136.05,136.05,136.05,136.05,16.0
2019-12-10 09:36:00,136.0,136.05,136.0,136.05,728.0
2019-12-10 09:35:00,136.05,136.05,136.05,136.05,155.0
2019-12-10 09:33:00,136.1,136.1,136.1,136.1,5046.0
2019-12-10 09:32:00,136.05,136.05,136.05,136.05,485.0
2019-12-10 09:31:00,136.05,136.05,136.05,136.05,2271.0
2019-12-10 09:30:00,136.05,136.05,136.05,136.05,72.0
2019-12-10 09:29:00,136.05,136.05,136.05,136.05,166.0
2019-12-10 09:28:00,136.1,136.1,136.1,136.1,2.0
2019-12-10 09:25:00,136.1,136.1,136.1,136.1,1072.0
2019-12-10 09:24:00,136.05,136.05,136.05,136.05,350.0
2019-12-10 09:23:00,136.1,136.1,136.05,136.05,926.0
2019-12-10 09:22:00,136.1,136.1,136.1,136.1,1349.0
2019-12-10 09:21:00,136.1,136.1,136.1,136.1,506.0
2019-12-10 09:20:00,136.15,136.15,136.15,136.15,460.0
2019-12-10 09:19:00,136.1,136.2,136.1,136.1,8512.0
2019-12-10 09:18:00,136.05,136.05,136.05,136.05,1317.0
2019-12-10 09:17:00,136.05,136.05,136.0,136.0,1869.0
2019-12-10 09:16:00,136.05,136.05,136.05,136.05,258.0
2019-12-10 09:15:00,136.1,136.1,136.1,136.1,740.0
2019-12-10 09:13:00,136.1,136.1,136.1,136.1,781.0
2019-12-10 09:11:00,136.05,136.05,136.05,136.05,4.0
2019-12-10 09:09:00,136.1,136.1,136.1,136.1,112.0
2019-12-10 09:08:00,136.1,136.15,136.1,136.1,936.0
2019-12-10 09:07:00,136.05,136.05,136.05,136.05,280.0
2019-12-10 09:06:00,136.05,136.1,136.05,136.1,173.0
2019-12-10 09:05:00,136.0,136.0,136.0,136.0,603.0
2019-12-10 09:04:00,136.0,136.0,136.0,136.0,682.0
2019-12-10 09:02:00,136.0,136.0,136.0,136.0,105.0
2019-12-10 09:01:00,136.1,136.1,136.05,136.05,1832.0
2019-12-10 09:00:00,136.1,136.1,136.1,136.1,81.0
2019-12-10 08:59:00,136.1,136.1,136.05,136.05,2695.0
2019-12-10 08:58:00,136.0,136.05,136.0,136.05,1395.0
2019-12-10 08:55:00,135.95,135.95,135.95,135.95,437.0
2019-12-10 08:54:00,136.05,136.05,136.0,136.0,448.0
2019-12-10 08:53:00,135.95,136.0,135.95,136.0,2500.0
2019-12-10 08:51:00,136.0,136.0,136.0,136.0,428.0
2019-12-10 08:50:00,136.0,136.0,136.0,136.0,498.0
2019-12-10 08:49:00,136.0,136.0,135.95,135.95,929.0
2019-12-10 08:48:00,136.0,136.0,136.0,136.0,121.0
2019-12-10 08:47:00,136.0,136.05,136.0,136.0,2361.0
2019-12-10 08:46:00,136.05,136.05,136.05,136.05,984.0
2019-12-10 08:45:00,136.1,136.1,136.1,136.1,833.0
2019-12-10 08:44:00,136.0,136.05,136.0,136.05,1124.0
2019-12-10 08:43:00,136.0,136.0,136.0,136.0,1209.0
2019-12-10 08:42:00,135.95,135.95,135.95,135.95,372.0
2019-12-10 08:41:00,135.9,135.9,135.9,135.9,6517.0
2019-12-10 08:40:00,135.95,135.95,135.95,135.95,50.0
2019-12-10 08:39:00,135.95,135.95,135.95,135.95,750.0
2019-12-10 08:38:00,135.95,135.95,135.9,135.9,2024.0
2019-12-10 08:37:00,136.0,136.05,135.95,136.0,2404.0
2019-12-10 08:36:00,135.9,135.95,135.9,135.95,496.0
2019-12-10 08:35:00,135.9,135.95,135.9,135.95,992.0
2019-12-10 08:34:00,135.85,135.85,135.8,135.8,571.0
2019-12-10 08:33:00,136.1,136.1,135.85,135.85,1101.0
2019-12-10 08:32:00,136.05,136.2,136.05,136.05,8875.0
2019-12-10 08:31:00,136.05,136.05,136.0,136.0,357.0
2019-12-10 08:30:00,136.05,136.05,136.05,136.05,478.0
2019-12-10 08:27:00,136.05,136.05,136.05,136.05,80.0
2019-12-10 08:26:00,136.05,136.05,136.05,136.05,1502.0
2019-12-10 08:25:00,136.0,136.0,136.0,136.0,771.0
2019-12-10 08:24:00,136.0,136.0,136.0,136.0,125.0
2019-12-10 08:23:00,135.95,136.05,135.95,136.0,889.0
2019-12-10 08:22:00,135.9,135.95,135.9,135.95,270.0
2019-12-10 08:21:00,135.85,135.85,135.85,135.85,307.0
2019-12-10 08:20:00,135.85,135.85,135.85,135.85,108.0
2019-12-10 08:16:00,135.8,135.85,135.8,135.85,182.0
2019-12-10 08:14:00,135.75,135.8,135.75,135.8,234.0
2019-12-10 08:13:00,135.7,135.75,135.65,135.75,1409.0
2019-12-10 08:12:00,135.55,135.7,135.55,135.7,1108.0
2019-12-10 08:10:00,135.5,135.5,135.5,135.5,469.0
2019-12-10 08:09:00,135.45,135.45,135.45,135.45,314.0
2019-12-10 08:08:00,135.45,135.45,135.45,135.45,533.0
2019-12-10 08:07:00,135.5,135.5,135.5,135.5,40.0
2019-12-10 08:06:00,135.45,135.45,135.45,135.45,392.0
2019-12-10 08:02:00,135.3,135.4,135.3,135.4,1584.0
2019-12-10 08:00:00,135.3,135.3,135.3,135.3,388.0
2019-12-10 07:55:00,135.35,135.35,135.35,135.35,1235.0
2019-12-10 07:54:00,135.4,135.4,135.35,135.35,832.0
2019-12-10 07:53:00,135.35,135.35,135.35,135.35,134.0
2019-12-10 07:52:00,135.35,135.35,135.35,135.35,532.0
2019-12-10 07:49:00,135.4,135.4,135.4,135.4,821.0
2019-12-10 07:46:00,135.4,135.4,135.4,135.4,321.0
2019-12-10 07:45:00,135.45,135.45,135.4,135.4,1867.0
2019-12-10 07:40:00,135.4,135.4,135.4,135.4,641.0
2019-12-10 07:39:00,135.45,135.5,135.45,135.45,873.0
2019-12-10 07:38:00,135.35,135.35,135.35,135.35,444.0
2019-12-10 07:37:00,135.3,135.3,135.3,135.3,888.0
2019-12-10 07:32:00,135.35,135.35,135.35,135.35,238.0
2019-12-10 07:31:00,135.35,135.35,135.35,135.35,176.0
2019-12-10 07:30:00,135.3,135.3,135.3,135.3,269.0
2019-12-10 07:28:00,135.25,135.25,135.25,135.25,94.0
2019-12-10 07:27:00,135.2,135.25,135.2,135.25,1298.0
2019-12-10 07:25:00,135.15,135.15,135.15,135.15,5.0
2019-12-10 07:24:00,135.05,135.1,135.05,135.1,379.0
2019-12-10 07:23:00,135.05,135.05,135.05,135.05,599.0
2019-12-10 07:22:00,135.1,135.1,135.05,135.05,3136.0
2019-12-10 07:21:00,135.15,135.25,135.15,135.15,3678.0
2019-12-10 07:20:00,135.25,135.25,135.2,135.2,743.0
2019-12-10 07:14:00,135.35,135.35,135.3,135.3,1012.0
2019-12-10 07:13:00,135.3,135.3,135.3,135.3,100.0
2019-12-10 07:12:00,135.35,135.35,135.35,135.35,278.0
2019-12-10 07:09:00,135.4,135.4,135.4,135.4,213.0
2019-12-10 07:08:00,135.4,135.4,135.4,135.4,75.0
2019-12-10 07:07:00,135.4,135.4,135.35,135.4,552.0
2019-12-10 07:04:00,135.5,135.5,135.45,135.45,654.0
2019-12-10 07:03:00,135.5,135.5,135.5,135.5,199.0
2019-12-10 07:02:00,135.35,135.5,135.35,135.5,2138.0
2019-12-10 06:59:00,135.5,135.5,135.45,135.45,296.0
2019-12-10 06:54:00,135.5,135.5,135.5,135.5,1054.0
2019-12-10 06:53:00,135.55,135.6,135.5,135.5,821.0
2019-12-10 06:52:00,135.65,135.7,135.55,135.55,2124.0
2019-12-10 06:51:00,135.6,135.65,135.6,135.65,1662.0
2019-12-10 06:45:00,135.55,135.55,135.55,135.55,410.0
2019-12-10 06:44:00,135.5,135.5,135.5,135.5,82.0
2019-12-10 06:43:00,135.45,135.45,135.45,135.45,427.0
2019-12-10 06:41:00,135.5,135.5,135.5,135.5,125.0
2019-12-10 06:38:00,135.55,135.55,135.55,135.55,80.0
2019-12-10 06:37:00,135.45,135.45,135.4,135.45,1815.0
2019-12-10 06:36:00,135.4,135.4,135.4,135.4,1082.0
2019-12-10 06:35:00,135.3,135.45,135.3,135.45,1838.0
2019-12-10 06:34:00,135.2,135.25,135.2,135.25,196.0
2019-12-10 06:33:00,135.2,135.25,135.2,135.2,156.0
2019-12-10 06:32:00,135.2,135.25,135.2,135.2,214.0
2019-12-10 06:31:00,135.25,135.25,135.25,135.25,22.0
2019-12-10 06:30:00,135.25,135.25,135.2,135.2,610.0
2019-12-10 06:29:00,135.25,135.25,135.25,135.25,737.0
2019-12-10 06:28:00,135.3,135.3,135.15,135.15,1937.0
2019-12-10 06:27:00,135.55,135.55,135.3,135.35,2603.0
2019-12-10 06:26:00,135.6,135.6,135.55,135.55,1270.0
2019-12-10 06:25:00,135.65,135.65,135.65,135.65,261.0
2019-12-10 06:24:00,135.65,135.65,135.65,135.65,125.0
2019-12-10 06:23:00,135.7,135.7,135.65,135.65,293.0
2019-12-10 06:22:00,135.7,135.7,135.7,135.7,651.0
2019-12-10 06:21:00,135.7,135.7,135.7,135.7,125.0
2019-12-10 06:20:00,135.7,135.7,135.7,135.7,6.0
2019-12-10 06:19:00,135.65,135.7,135.65,135.7,245.0
2019-12-10 06:15:00,135.65,135.65,135.65,135.65,351.0
2019-12-10 06:14:00,135.65,135.65,135.65,135.65,496.0
2019-12-10 06:13:00,135.65,135.65,135.65,135.65,100.0
2019-12-10 06:12:00,135.75,135.75,135.7,135.75,1034.0
2019-12-10 06:10:00,135.8,135.8,135.8,135.8,2687.0
2019-12-10 06:09:00,135.85,135.85,135.85,135.85,303.0
2019-12-10 06:07:00,135.85,135.85,135.85,135.85,1433.0
2019-12-10 06:06:00,135.9,135.9,135.85,135.85,61.0
2019-12-10 06:04:00,135.9,135.9,135.85,135.85,301.0
2019-12-10 06:03:00,135.9,135.9,135.9,135.9,300.0
2019-12-10 06:02:00,135.95,135.95,135.95,135.95,1044.0
2019-12-10 05:57:00,135.95,135.95,135.95,135.95,199.0
2019-12-10 05:56:00,136.0,136.0,136.0,136.0,386.0
2019-12-10 05:54:00,136.0,136.0,136.0,136.0,427.0
2019-12-10 05:53:00,136.05,136.05,136.05,136.05,150.0
2019-12-10 05:52:00,136.05,136.15,136.05,136.05,1974.0
2019-12-10 05:51:00,136.05,136.05,136.05,136.05,409.0
2019-12-10 05:50:00,136.0,136.05,136.0,136.05,536.0
2019-12-10 05:49:00,136.0,136.0,135.95,135.95,2350.0
2019-12-10 05:48:00,136.0,136.05,136.0,136.05,2656.0
2019-12-10 05:45:00,135.95,135.95,135.95,135.95,242.0
2019-12-10 05:43:00,136.0,136.0,136.0,136.0,148.0
2019-12-10 05:42:00,135.95,136.0,135.95,136.0,1565.0
2019-12-10 05:41:00,136.0,136.0,135.95,135.95,563.0
2019-12-10 05:40:00,135.95,135.95,135.95,135.95,213.0
2019-12-10 05:38:00,135.95,135.95,135.9,135.9,723.0
2019-12-10 05:36:00,136.0,136.0,136.0,136.0,94.0
2019-12-10 05:34:00,135.95,135.95,135.95,135.95,176.0
2019-12-10 05:33:00,135.9,135.9,135.9,135.9,88.0
2019-12-10 05:31:00,135.85,135.9,135.85,135.9,838.0
2019-12-10 05:30:00,135.9,135.95,135.9,135.95,646.0
2019-12-10 05:29:00,135.9,135.9,135.9,135.9,228.0
2019-12-10 05:27:00,135.85,135.85,135.85,135.85,245.0
2019-12-10 05:26:00,135.8,135.8,135.8,135.8,112.0
2019-12-10 05:24:00,135.75,135.75,135.75,135.75,38.0
2019-12-10 05:23:00,135.8,135.8,135.8,135.8,35.0
2019-12-10 05:22:00,135.85,136.0,135.85,135.85,5654.0
2019-12-10 05:21:00,135.9,135.9,135.85,135.85,735.0
2019-12-10 05:16:00,135.85,135.85,135.8,135.85,3656.0
2019-12-10 05:15:00,135.85,135.9,135.85,135.85,3027.0
2019-12-10 05:13:00,135.75,135.75,135.75,135.75,287.0
2019-12-10 05:12:00,135.75,135.75,135.75,135.75,384.0
2019-12-10 05:11:00,135.75,135.75,135.75,135.75,205.0
2019-12-10 05:10:00,135.75,135.75,135.75,135.75,8.0
2019-12-10 05:09:00,135.75,135.75,135.75,135.75,580.0
2019-12-10 05:08:00,135.75,135.75,135.75,135.75,207.0
2019-12-10 05:07:00,135.7,135.7,135.65,135.65,2571.0
2019-12-10 05:06:00,135.65,135.65,135.65,135.65,373.0
2019-12-10 05:05:00,135.6,135.6,135.6,135.6,168.0
2019-12-10 05:03:00,135.55,135.6,135.55,135.6,918.0
2019-12-10 05:02:00,135.5,135.55,135.45,135.5,2381.0
2019-12-10 05:01:00,135.4,135.55,135.4,135.5,11309.0
2019-12-10 05:00:00,135.3,135.4,135.3,135.4,1618.0
2019-12-10 04:59:00,135.3,135.35,135.3,135.3,829.0
2019-12-10 04:58:00,135.3,135.35,135.3,135.35,1506.0
2019-12-10 04:57:00,135.35,135.35,135.35,135.35,96.0
2019-12-10 04:56:00,135.3,135.3,135.3,135.3,97.0
2019-12-10 04:55:00,135.3,135.3,135.25,135.25,287.0
2019-12-10 04:54:00,135.35,135.4,135.35,135.4,270.0
2019-12-10 04:53:00,135.3,135.3,135.25,135.3,591.0
2019-12-10 04:52:00,135.3,135.35,135.3,135.3,1229.0
2019-12-10 04:50:00,135.3,135.35,135.3,135.35,277.0
2019-12-10 04:49:00,135.35,135.4,135.35,135.35,299.0
2019-12-10 04:48:00,135.3,135.3,135.3,135.3,278.0
2019-12-10 04:47:00,135.35,135.35,135.3,135.3,1256.0
2019-12-10 04:46:00,135.4,135.4,135.25,135.35,11064.0
2019-12-10 04:45:00,135.35,135.4,135.35,135.4,37.0
2019-12-10 04:44:00,135.5,135.5,135.4,135.4,1393.0
2019-12-10 04:43:00,135.4,135.45,135.4,135.45,1171.0
2019-12-10 04:42:00,135.4,135.4,135.4,135.4,372.0
2019-12-10 04:40:00,135.3,135.35,135.3,135.35,278.0
2019-12-10 04:39:00,135.35,135.35,135.25,135.3,1490.0
2019-12-10 04:38:00,135.5,135.5,135.35,135.35,2001.0
2019-12-10 04:35:00,135.45,135.45,135.45,135.45,200.0
2019-12-10 04:34:00,135.5,135.5,135.45,135.45,642.0
2019-12-10 04:33:00,135.55,135.55,135.55,135.55,300.0
2019-12-10 04:32:00,135.6,135.6,135.55,135.55,354.0
2019-12-10 04:31:00,135.6,135.6,135.55,135.55,343.0
2019-12-10 04:30:00,135.65,135.65,135.65,135.65,168.0
2019-12-10 04:29:00,135.6,135.65,135.6,135.65,581.0
2019-12-10 04:27:00,135.55,135.55,135.55,135.55,200.0
2019-12-10 04:26:00,135.5,135.5,135.5,135.5,77.0
2019-12-10 04:25:00,135.45,135.45,135.45,135.45,162.0
2019-12-10 04:24:00,135.4,135.4,135.4,135.4,108.0
2019-12-10 04:23:00,135.35,135.35,135.35,135.35,121.0
2019-12-10 04:22:00,135.35,135.4,135.35,135.4,555.0
2019-12-10 04:21:00,135.35,135.35,135.35,135.35,694.0
2019-12-10 04:17:00,135.35,135.4,135.35,135.4,175.0
2019-12-10 04:15:00,135.35,135.35,135.35,135.35,132.0
2019-12-10 04:14:00,135.35,135.35,135.3,135.3,584.0
2019-12-10 04:13:00,135.3,135.35,135.3,135.3,1059.0
2019-12-10 04:12:00,135.4,135.4,135.25,135.3,655.0
2019-12-10 04:11:00,135.45,135.45,135.45,135.45,218.0
2019-12-10 04:10:00,135.5,135.5,135.5,135.5,271.0
2019-12-10 04:09:00,135.5,135.5,135.45,135.45,493.0
2019-12-10 04:08:00,135.55,135.55,135.5,135.55,271.0
2019-12-10 04:07:00,135.5,135.55,135.5,135.55,1106.0
2019-12-10 04:06:00,135.45,135.5,135.45,135.5,796.0
2019-12-10 04:05:00,135.55,135.55,135.45,135.45,499.0
2019-12-10 04:04:00,135.65,135.65,135.6,135.6,302.0
2019-12-10 04:03:00,135.7,135.7,135.6,135.65,607.0
2019-12-10 04:02:00,135.7,135.7,135.65,135.65,1159.0
2019-12-10 04:00:00,135.6,135.65,135.6,135.65,733.0
2019-12-10 03:59:00,135.65,135.65,135.65,135.65,74.0
2019-12-10 03:58:00,135.6,135.6,135.6,135.6,341.0
2019-12-10 03:57:00,135.7,135.7,135.65,135.7,1002.0
2019-12-10 03:56:00,135.55,135.55,135.55,135.55,19.0
2019-12-10 03:55:00,135.35,135.5,135.35,135.5,4117.0
2019-12-10 03:54:00,135.5,135.55,135.45,135.45,728.0
2019-12-10 03:53:00,135.35,135.5,135.35,135.5,750.0
2019-12-10 03:52:00,135.5,135.55,135.4,135.4,1849.0
2019-12-10 03:51:00,135.5,135.5,135.5,135.5,125.0
2019-12-10 03:50:00,135.65,135.65,135.5,135.5,1365.0
2019-12-10 03:49:00,135.65,135.65,135.65,135.65,61.0
2019-12-10 03:47:00,135.65,135.65,135.65,135.65,19.0
2019-12-10 03:45:00,135.65,135.65,135.65,135.65,453.0
2019-12-10 03:44:00,135.65,135.65,135.65,135.65,247.0
2019-12-10 03:43:00,135.75,135.75,135.65,135.65,1270.0
2019-12-10 03:41:00,135.8,135.8,135.8,135.8,543.0
2019-12-10 03:40:00,135.8,135.8,135.8,135.8,508.0
2019-12-10 03:39:00,135.8,135.8,135.8,135.8,125.0
2019-12-10 03:38:00,135.8,135.8,135.8,135.8,108.0
2019-12-10 03:37:00,135.8,135.8,135.8,135.8,126.0
2019-12-10 03:34:00,135.7,135.75,135.7,135.75,206.0
2019-12-10 03:33:00,135.75,135.75,135.7,135.7,103.0
2019-12-10 03:32:00,135.8,135.8,135.8,135.8,78.0
2019-12-10 03:31:00,135.85,135.9,135.85,135.85,1299.0
2019-12-10 03:30:00,135.85,135.9,135.85,135.9,1162.0
2019-12-10 03:28:00,135.95,135.95,135.9,135.9,285.0
2019-12-10 03:27:00,135.9,136.0,135.9,135.95,1039.0
2019-12-10 03:26:00,135.85,135.9,135.8,135.9,2274.0
2019-12-10 03:25:00,135.95,135.95,135.8,135.8,846.0
2019-12-10 03:23:00,136.1,136.1,136.05,136.05,158.0
2019-12-10 03:22:00,136.1,136.1,136.05,136.05,15.0
2019-12-10 03:21:00,136.25,136.25,136.1,136.1,341.0
2019-12-10 03:20:00,136.05,136.2,136.05,136.2,1821.0
2019-12-10 03:18:00,136.0,136.0,136.0,136.0,923.0
2019-12-10 03:17:00,136.15,136.15,136.05,136.05,258.0
2019-12-10 03:16:00,136.2,136.2,136.15,136.15,180.0
2019-12-10 03:15:00,136.1,136.15,136.1,136.15,304.0
2019-12-10 03:14:00,136.1,136.1,136.1,136.1,171.0
2019-12-10 03:13:00,136.1,136.1,136.1,136.1,761.0
2019-12-10 03:12:00,136.35,136.35,136.15,136.15,2134.0
2019-12-10 03:11:00,136.3,136.3,136.3,136.3,138.0
2019-12-10 03:10:00,136.3,136.3,136.3,136.3,339.0
2019-12-10 03:09:00,136.35,136.4,136.3,136.3,1056.0
2019-12-10 03:08:00,136.5,136.5,136.3,136.3,2164.0
2019-12-10 03:07:00,136.5,136.5,136.5,136.5,48.0
2019-12-10 03:06:00,136.65,136.65,136.45,136.45,2419.0
2019-12-10 03:05:00,136.6,136.7,136.6,136.7,885.0
2019-12-10 03:04:00,136.45,136.65,136.45,136.65,393.0
2019-12-10 03:03:00,136.4,136.45,136.35,136.35,1599.0
2019-12-10 03:02:00,136.75,136.75,136.45,136.5,2580.0
2019-12-10 03:01:00,136.7,136.9,136.7,136.8,3723.0
2019-12-10 03:00:00,136.65,136.76,136.56,136.7,0.0
2019-12-09 11:29:00,137.1,137.15,137.05,137.15,387.0
2019-12-09 11:28:00,137.1,137.1,137.05,137.1,806.0
2019-12-09 11:27:00,137.1,137.1,137.1,137.1,85.0
2019-12-09 11:26:00,137.1,137.1,137.1,137.1,1687.0
2019-12-09 11:25:00,137.05,137.05,137.0,137.0,1355.0
2019-12-09 11:24:00,137.15,137.15,137.1,137.1,1099.0
2019-12-09 11:23:00,137.15,137.15,137.15,137.15,12.0
2019-12-09 11:22:00,137.1,137.1,137.1,137.1,407.0
2019-12-09 11:21:00,137.15,137.15,137.15,137.15,717.0
2019-12-09 11:20:00,137.2,137.2,137.15,137.15,2095.0
2019-12-09 11:19:00,137.25,137.25,137.2,137.2,83.0
2019-12-09 11:18:00,137.25,137.25,137.25,137.25,31.0
2019-12-09 11:17:00,137.25,137.25,137.25,137.25,217.0
2019-12-09 11:16:00,137.25,137.25,137.25,137.25,638.0
2019-12-09 11:15:00,137.25,137.3,137.25,137.3,1147.0
2019-12-09 11:14:00,137.25,137.3,137.25,137.3,96.0
2019-12-09 11:13:00,137.25,137.3,137.25,137.3,475.0
2019-12-09 11:10:00,137.3,137.3,137.25,137.25,1055.0
2019-12-09 11:09:00,137.3,137.3,137.3,137.3,31.0
2019-12-09 11:07:00,137.25,137.25,137.25,137.25,210.0
2019-12-09 11:06:00,137.25,137.25,137.25,137.25,823.0
2019-12-09 11:05:00,137.25,137.25,137.25,137.25,1212.0
2019-12-09 11:03:00,137.25,137.25,137.2,137.2,1081.0
2019-12-09 11:02:00,137.3,137.3,137.3,137.3,895.0
2019-12-09 11:01:00,137.35,137.35,137.35,137.35,45.0
2019-12-09 11:00:00,137.35,137.35,137.35,137.35,32.0
2019-12-09 10:59:00,137.3,137.3,137.3,137.3,841.0
2019-12-09 10:58:00,137.3,137.3,137.3,137.3,31.0
2019-12-09 10:57:00,137.3,137.3,137.3,137.3,31.0
2019-12-09 10:56:00,137.3,137.3,137.3,137.3,121.0
2019-12-09 10:55:00,137.25,137.25,137.25,137.25,922.0
2019-12-09 10:54:00,137.25,137.25,137.25,137.25,596.0
2019-12-09 10:53:00,137.25,137.25,137.25,137.25,176.0
2019-12-09 10:52:00,137.25,137.25,137.25,137.25,44.0
2019-12-09 10:51:00,137.25,137.25,137.25,137.25,31.0
2019-12-09 10:49:00,137.25,137.25,137.25,137.25,212.0
2019-12-09 10:48:00,137.25,137.25,137.25,137.25,135.0
2019-12-09 10:47:00,137.25,137.25,137.25,137.25,271.0
2019-12-09 10:46:00,137.3,137.3,137.3,137.3,32.0
2019-12-09 10:45:00,137.3,137.3,137.3,137.3,31.0
2019-12-09 10:44:00,137.25,137.3,137.25,137.3,486.0
2019-12-09 10:42:00,137.2,137.25,137.2,137.25,371.0
2019-12-09 10:41:00,137.25,137.25,137.25,137.25,123.0
2019-12-09 10:40:00,137.25,137.25,137.25,137.25,383.0
2019-12-09 10:39:00,137.25,137.25,137.25,137.25,757.0
2019-12-09 10:37:00,137.3,137.3,137.3,137.3,13.0
2019-12-09 10:34:00,137.3,137.3,137.3,137.3,314.0
2019-12-09 10:33:00,137.3,137.3,137.3,137.3,483.0
2019-12-09 10:32:00,137.35,137.35,137.35,137.35,699.0
2019-12-09 10:30:00,137.35,137.35,137.35,137.35,127.0
2019-12-09 10:29:00,137.3,137.35,137.3,137.3,821.0
2019-12-09 10:28:00,137.35,137.35,137.3,137.3,952.0
2019-12-09 10:25:00,137.4,137.4,137.4,137.4,50.0
2019-12-09 10:24:00,137.35,137.35,137.35,137.35,551.0
2019-12-09 10:22:00,137.4,137.4,137.4,137.4,912.0
2019-12-09 10:21:00,137.45,137.45,137.45,137.45,596.0
2019-12-09 10:10:00,137.45,137.45,137.45,137.45,1156.0
2019-12-09 10:07:00,137.45,137.45,137.45,137.45,25.0
2019-12-09 10:06:00,137.55,137.55,137.5,137.5,391.0
2019-12-09 10:05:00,137.5,137.5,137.5,137.5,100.0
2019-12-09 10:03:00,137.5,137.5,137.5,137.5,306.0
2019-12-09 10:02:00,137.45,137.5,137.45,137.5,331.0
2019-12-09 10:01:00,137.5,137.5,137.5,137.5,752.0
2019-12-09 09:59:00,137.55,137.55,137.55,137.55,475.0
2019-12-09 09:58:00,137.55,137.55,137.55,137.55,439.0
2019-12-09 09:55:00,137.55,137.55,137.45,137.55,2660.0
2019-12-09 09:54:00,137.5,137.5,137.5,137.5,540.0
2019-12-09 09:53:00,137.55,137.55,137.5,137.5,787.0
2019-12-09 09:47:00,137.6,137.6,137.55,137.55,1037.0
2019-12-09 09:46:00,137.55,137.55,137.55,137.55,97.0
2019-12-09 09:45:00,137.55,137.55,137.55,137.55,301.0
2019-12-09 09:44:00,137.5,137.55,137.5,137.55,1841.0
2019-12-09 09:40:00,137.5,137.5,137.5,137.5,218.0
2019-12-09 09:39:00,137.5,137.5,137.5,137.5,734.0
2019-12-09 09:37:00,137.5,137.5,137.5,137.5,460.0
2019-12-09 09:36:00,137.5,137.5,137.5,137.5,25.0
2019-12-09 09:35:00,137.5,137.5,137.5,137.5,186.0
2019-12-09 09:33:00,137.45,137.45,137.45,137.45,709.0
2019-12-09 09:32:00,137.4,137.4,137.4,137.4,557.0
2019-12-09 09:31:00,137.45,137.45,137.45,137.45,145.0
2019-12-09 09:30:00,137.45,137.45,137.45,137.45,437.0
2019-12-09 09:29:00,137.4,137.4,137.4,137.4,321.0
2019-12-09 09:27:00,137.4,137.4,137.4,137.4,142.0
2019-12-09 09:26:00,137.4,137.4,137.4,137.4,217.0
2019-12-09 09:23:00,137.45,137.45,137.45,137.45,117.0
2019-12-09 09:21:00,137.5,137.5,137.5,137.5,132.0
2019-12-09 09:19:00,137.55,137.55,137.55,137.55,814.0
2019-12-09 09:17:00,137.55,137.55,137.55,137.55,172.0
2019-12-09 09:16:00,137.55,137.55,137.55,137.55,12.0
2019-12-09 09:15:00,137.5,137.5,137.5,137.5,404.0
2019-12-09 09:14:00,137.5,137.5,137.5,137.5,503.0
2019-12-09 09:07:00,137.45,137.45,137.45,137.45,94.0
2019-12-09 09:06:00,137.45,137.45,137.45,137.45,56.0
2019-12-09 09:05:00,137.4,137.45,137.4,137.4,699.0
2019-12-09 09:03:00,137.45,137.45,137.45,137.45,549.0
2019-12-09 09:01:00,137.35,137.4,137.35,137.4,657.0
2019-12-09 08:59:00,137.35,137.35,137.35,137.35,13.0
2019-12-09 08:58:00,137.35,137.35,137.35,137.35,12.0
2019-12-09 08:57:00,137.3,137.3,137.3,137.3,800.0
2019-12-09 08:55:00,137.3,137.3,137.3,137.3,547.0
2019-12-09 08:54:00,137.3,137.35,137.3,137.35,185.0
2019-12-09 08:53:00,137.35,137.4,137.35,137.35,850.0
2019-12-09 08:50:00,137.4,137.4,137.4,137.4,13.0
2019-12-09 08:49:00,137.4,137.4,137.4,137.4,958.0
2019-12-09 08:48:00,137.45,137.45,137.45,137.45,13.0
2019-12-09 08:47:00,137.45,137.45,137.45,137.45,152.0
2019-12-09 08:44:00,137.4,137.45,137.4,137.45,411.0
2019-12-09 08:43:00,137.35,137.35,137.35,137.35,432.0
2019-12-09 08:42:00,137.4,137.4,137.4,137.4,209.0
2019-12-09 08:41:00,137.45,137.45,137.45,137.45,137.0
2019-12-09 08:38:00,137.45,137.45,137.45,137.45,628.0
2019-12-09 08:30:00,137.5,137.5,137.5,137.5,240.0
2019-12-09 08:29:00,137.5,137.5,137.5,137.5,66.0
2019-12-09 08:27:00,137.5,137.5,137.5,137.5,429.0
2019-12-09 08:24:00,137.45,137.45,137.45,137.45,69.0
2019-12-09 08:22:00,137.45,137.45,137.45,137.45,77.0
2019-12-09 08:20:00,137.45,137.45,137.4,137.45,897.0
2019-12-09 08:19:00,137.45,137.45,137.45,137.45,154.0
2019-12-09 08:16:00,137.45,137.45,137.45,137.45,1105.0
2019-12-09 08:15:00,137.5,137.5,137.5,137.5,10.0
2019-12-09 08:14:00,137.45,137.45,137.45,137.45,327.0
2019-12-09 08:13:00,137.4,137.4,137.4,137.4,585.0
2019-12-09 08:09:00,137.4,137.4,137.4,137.4,105.0
2019-12-09 08:08:00,137.45,137.45,137.45,137.45,277.0
2019-12-09 08:03:00,137.5,137.5,137.5,137.5,12.0
2019-12-09 08:01:00,137.45,137.45,137.45,137.45,30.0
2019-12-09 08:00:00,137.45,137.45,137.45,137.45,1667.0
2019-12-09 07:58:00,137.5,137.5,137.45,137.45,452.0
2019-12-09 07:57:00,137.45,137.45,137.45,137.45,474.0
2019-12-09 07:53:00,137.5,137.5,137.5,137.5,893.0
2019-12-09 07:49:00,137.5,137.5,137.5,137.5,187.0
2019-12-09 07:45:00,137.5,137.5,137.5,137.5,438.0
2019-12-09 07:43:00,137.45,137.45,137.4,137.45,816.0
2019-12-09 07:41:00,137.45,137.5,137.45,137.5,1536.0
2019-12-09 07:39:00,137.45,137.55,137.45,137.5,2428.0
2019-12-09 07:37:00,137.45,137.5,137.45,137.5,1531.0
2019-12-09 07:29:00,137.4,137.4,137.4,137.4,230.0
2019-12-09 07:26:00,137.45,137.45,137.45,137.45,837.0
2019-12-09 07:25:00,137.45,137.45,137.45,137.45,501.0
2019-12-09 07:21:00,137.4,137.4,137.4,137.4,50.0
2019-12-09 07:20:00,137.4,137.4,137.4,137.4,50.0
2019-12-09 07:17:00,137.4,137.4,137.4,137.4,150.0
2019-12-09 07:15:00,137.4,137.4,137.4,137.4,188.0
2019-12-09 07:12:00,137.4,137.4,137.4,137.4,117.0
2019-12-09 07:09:00,137.45,137.45,137.45,137.45,14.0
2019-12-09 07:07:00,137.35,137.4,137.35,137.4,348.0
2019-12-09 07:05:00,137.35,137.35,137.35,137.35,603.0
2019-12-09 07:03:00,137.3,137.35,137.3,137.35,647.0
2019-12-09 07:02:00,137.35,137.35,137.25,137.25,456.0
2019-12-09 06:58:00,137.25,137.25,137.25,137.25,769.0
2019-12-09 06:57:00,137.2,137.2,137.2,137.2,68.0
2019-12-09 06:56:00,137.3,137.3,137.25,137.25,1435.0
2019-12-09 06:55:00,137.35,137.35,137.35,137.35,124.0
2019-12-09 06:53:00,137.4,137.4,137.4,137.4,183.0
2019-12-09 06:52:00,137.45,137.45,137.45,137.45,79.0
2019-12-09 06:51:00,137.45,137.45,137.45,137.45,973.0
2019-12-09 06:50:00,137.5,137.5,137.5,137.5,229.0
2019-12-09 06:48:00,137.55,137.55,137.55,137.55,236.0
2019-12-09 06:44:00,137.6,137.6,137.6,137.6,159.0
2019-12-09 06:43:00,137.55,137.55,137.55,137.55,255.0
2019-12-09 06:42:00,137.5,137.5,137.5,137.5,55.0
2019-12-09 06:40:00,137.5,137.5,137.5,137.5,90.0
2019-12-09 06:39:00,137.55,137.55,137.55,137.55,184.0
2019-12-09 06:38:00,137.5,137.55,137.5,137.5,2329.0
2019-12-09 06:37:00,137.7,137.7,137.5,137.5,1722.0
2019-12-09 06:33:00,137.7,137.7,137.7,137.7,1398.0
2019-12-09 06:32:00,137.75,137.75,137.75,137.75,1328.0
2019-12-09 06:31:00,137.7,137.7,137.7,137.7,24.0
2019-12-09 06:29:00,137.7,137.7,137.7,137.7,183.0
2019-12-09 06:27:00,137.65,137.65,137.65,137.65,75.0
2019-12-09 06:24:00,137.6,137.6,137.6,137.6,251.0
2019-12-09 06:21:00,137.6,137.6,137.6,137.6,85.0
2019-12-09 06:17:00,137.5,137.55,137.5,137.55,1751.0
2019-12-09 06:14:00,137.5,137.5,137.5,137.5,20.0
2019-12-09 06:13:00,137.5,137.5,137.5,137.5,4.0
2019-12-09 06:12:00,137.5,137.5,137.5,137.5,2860.0
2019-12-09 06:10:00,137.5,137.5,137.45,137.45,2501.0
2019-12-09 06:09:00,137.55,137.55,137.55,137.55,246.0
2019-12-09 06:05:00,137.65,137.65,137.65,137.65,251.0
2019-12-09 06:03:00,137.65,137.7,137.65,137.65,856.0
2019-12-09 06:01:00,137.75,137.75,137.75,137.75,160.0
2019-12-09 06:00:00,137.85,137.85,137.75,137.75,1260.0
2019-12-09 05:56:00,137.9,137.9,137.9,137.9,643.0
2019-12-09 05:54:00,137.85,137.85,137.85,137.85,630.0
2019-12-09 05:53:00,137.8,137.8,137.8,137.8,36.0
2019-12-09 05:51:00,137.75,137.8,137.75,137.8,721.0
2019-12-09 05:49:00,137.75,137.75,137.75,137.75,579.0
2019-12-09 05:44:00,137.75,137.75,137.75,137.75,36.0
2019-12-09 05:42:00,137.75,137.75,137.75,137.75,432.0
2019-12-09 05:40:00,137.8,137.8,137.8,137.8,100.0
2019-12-09 05:38:00,137.75,137.75,137.75,137.75,126.0
2019-12-09 05:37:00,137.7,137.7,137.7,137.7,62.0
2019-12-09 05:36:00,137.65,137.65,137.65,137.65,5.0
2019-12-09 05:35:00,137.65,137.7,137.65,137.7,223.0
2019-12-09 05:33:00,137.7,137.7,137.7,137.7,239.0
2019-12-09 05:31:00,137.7,137.7,137.7,137.7,155.0
2019-12-09 05:28:00,137.75,137.75,137.75,137.75,117.0
2019-12-09 05:27:00,137.7,137.75,137.7,137.75,39.0
2019-12-09 05:25:00,137.75,137.75,137.75,137.75,135.0
2019-12-09 05:22:00,137.8,137.8,137.8,137.8,164.0
2019-12-09 05:20:00,137.75,137.75,137.75,137.75,205.0
2019-12-09 05:19:00,137.75,137.8,137.75,137.8,1621.0
2019-12-09 05:18:00,137.8,137.8,137.8,137.8,100.0
2019-12-09 05:17:00,137.75,137.75,137.75,137.75,294.0
2019-12-09 05:16:00,137.7,137.7,137.7,137.7,52.0
2019-12-09 05:15:00,137.65,137.7,137.65,137.7,69.0
2019-12-09 05:13:00,137.55,137.6,137.55,137.6,416.0
2019-12-09 05:12:00,137.55,137.55,137.55,137.55,591.0
2019-12-09 05:10:00,137.6,137.6,137.6,137.6,50.0
2019-12-09 05:09:00,137.5,137.5,137.5,137.5,215.0
2019-12-09 05:08:00,137.45,137.45,137.45,137.45,125.0
2019-12-09 05:06:00,137.5,137.5,137.5,137.5,90.0
2019-12-09 05:05:00,137.55,137.55,137.55,137.55,71.0
2019-12-09 05:04:00,137.65,137.65,137.65,137.65,706.0
2019-12-09 05:03:00,137.6,137.6,137.6,137.6,137.0
2019-12-09 05:00:00,137.55,137.6,137.55,137.6,1273.0
2019-12-09 04:58:00,137.55,137.55,137.55,137.55,109.0
2019-12-09 04:57:00,137.55,137.55,137.55,137.55,83.0
2019-12-09 04:55:00,137.5,137.5,137.5,137.5,150.0
2019-12-09 04:54:00,137.5,137.5,137.5,137.5,89.0
2019-12-09 04:53:00,137.4,137.45,137.4,137.45,193.0
2019-12-09 04:52:00,137.3,137.35,137.3,137.35,426.0
2019-12-09 04:51:00,137.3,137.3,137.3,137.3,397.0
2019-12-09 04:50:00,137.25,137.25,137.25,137.25,304.0
2019-12-09 04:48:00,137.2,137.2,137.2,137.2,74.0
2019-12-09 04:46:00,137.2,137.25,137.2,137.25,243.0
2019-12-09 04:45:00,137.2,137.2,137.2,137.2,1005.0
2019-12-09 04:43:00,137.15,137.15,137.15,137.15,190.0
2019-12-09 04:42:00,137.15,137.15,137.15,137.15,44.0
2019-12-09 04:41:00,137.15,137.15,137.15,137.15,27.0
2019-12-09 04:40:00,137.1,137.15,137.1,137.15,384.0
2019-12-09 04:37:00,137.1,137.1,137.1,137.1,116.0
2019-12-09 04:36:00,137.1,137.1,137.1,137.1,34.0
2019-12-09 04:35:00,137.1,137.1,137.1,137.1,163.0
2019-12-09 04:34:00,137.0,137.0,137.0,137.0,100.0
2019-12-09 04:33:00,137.0,137.0,137.0,137.0,176.0
2019-12-09 04:32:00,137.0,137.0,137.0,137.0,10.0
2019-12-09 04:31:00,137.0,137.0,136.95,136.95,619.0
2019-12-09 04:29:00,137.0,137.0,137.0,137.0,22.0
2019-12-09 04:27:00,137.05,137.05,137.05,137.05,225.0
2019-12-09 04:26:00,137.0,137.0,137.0,137.0,92.0
2019-12-09 04:25:00,137.0,137.0,137.0,137.0,322.0
2019-12-09 04:24:00,137.05,137.05,137.05,137.05,136.0
2019-12-09 04:20:00,137.05,137.1,137.05,137.05,1188.0
2019-12-09 04:19:00,137.0,137.0,137.0,137.0,312.0
2019-12-09 04:18:00,137.05,137.05,137.05,137.05,69.0
2019-12-09 04:15:00,137.15,137.15,137.15,137.15,17449.0
2019-12-09 04:13:00,137.25,137.25,137.25,137.25,237.0
2019-12-09 04:12:00,137.15,137.15,137.15,137.15,100.0
2019-12-09 04:11:00,137.2,137.2,137.2,137.2,60.0
2019-12-09 04:10:00,137.25,137.25,137.25,137.25,126.0
2019-12-09 04:08:00,137.3,137.3,137.3,137.3,570.0
2019-12-09 04:07:00,137.4,137.4,137.35,137.35,211.0
2019-12-09 04:06:00,137.45,137.45,137.45,137.45,541.0
2019-12-09 04:05:00,137.45,137.45,137.4,137.4,1073.0
2019-12-09 04:02:00,137.3,137.35,137.3,137.35,179.0
2019-12-09 04:00:00,137.35,137.35,137.3,137.3,254.0
2019-12-09 03:59:00,137.3,137.3,137.3,137.3,102.0
2019-12-09 03:58:00,137.35,137.35,137.35,137.35,9.0
2019-12-09 03:57:00,137.3,137.35,137.3,137.35,425.0
2019-12-09 03:55:00,137.25,137.25,137.25,137.25,193.0
2019-12-09 03:54:00,137.2,137.2,137.2,137.2,387.0
2019-12-09 03:53:00,137.1,137.15,137.1,137.15,381.0
2019-12-09 03:52:00,137.1,137.1,137.05,137.1,1119.0
2019-12-09 03:51:00,137.1,137.1,137.1,137.1,132.0
2019-12-09 03:50:00,136.95,137.05,136.95,137.05,762.0
2019-12-09 03:48:00,136.9,136.9,136.9,136.9,284.0
2019-12-09 03:46:00,136.85,136.85,136.85,136.85,101.0
2019-12-09 03:45:00,136.85,136.85,136.85,136.85,120.0
2019-12-09 03:43:00,136.7,136.8,136.7,136.8,363.0
2019-12-09 03:41:00,136.7,136.7,136.7,136.7,494.0
2019-12-09 03:40:00,136.7,136.7,136.7,136.7,300.0
2019-12-09 03:39:00,136.7,136.7,136.7,136.7,253.0
2019-12-09 03:37:00,136.7,136.7,136.7,136.7,187.0
2019-12-09 03:36:00,136.85,136.85,136.75,136.75,123.0
2019-12-09 03:35:00,136.8,136.8,136.8,136.8,190.0
2019-12-09 03:34:00,136.8,136.8,136.8,136.8,162.0
2019-12-09 03:33:00,136.95,136.95,136.85,136.85,1010.0
2019-12-09 03:32:00,136.95,136.95,136.95,136.95,59.0
2019-12-09 03:31:00,136.95,136.95,136.95,136.95,119.0
2019-12-09 03:30:00,137.05,137.1,137.05,137.1,612.0
2019-12-09 03:29:00,137.05,137.05,137.05,137.05,0.0
2019-12-09 03:28:00,137.1,137.1,137.05,137.05,843.0
2019-12-09 03:25:00,137.1,137.15,137.05,137.05,579.0
2019-12-09 03:24:00,137.05,137.05,137.05,137.05,345.0
2019-12-09 03:23:00,137.1,137.1,137.1,137.1,17.0
2019-12-09 03:22:00,137.1,137.1,137.1,137.1,162.0
2019-12-09 03:21:00,137.05,137.1,137.0,137.1,914.0
2019-12-09 03:20:00,137.15,137.15,137.15,137.15,20.0
2019-12-09 03:19:00,137.3,137.3,137.15,137.15,269.0
2019-12-09 03:18:00,137.25,137.25,137.2,137.25,285.0
2019-12-09 03:17:00,137.1,137.25,137.1,137.2,1213.0
2019-12-09 03:16:00,137.1,137.1,137.1,137.1,274.0
2019-12-09 03:15:00,137.15,137.15,137.15,137.15,14.0
2019-12-09 03:14:00,137.2,137.2,137.2,137.2,14.0
2019-12-09 03:13:00,137.25,137.25,137.1,137.15,1308.0
2019-12-09 03:12:00,137.2,137.3,137.2,137.3,454.0
2019-12-09 03:11:00,137.3,137.3,137.25,137.25,549.0
2019-12-09 03:10:00,137.15,137.25,137.15,137.25,299.0
2019-12-09 03:09:00,137.25,137.25,137.25,137.25,542.0
2019-12-09 03:08:00,137.5,137.5,137.2,137.25,4106.0
2019-12-09 03:07:00,137.65,137.65,137.55,137.55,375.0
2019-12-09 03:06:00,137.65,137.7,137.65,137.65,241.0
2019-12-09 03:05:00,137.65,137.7,137.55,137.55,1316.0
2019-12-09 03:04:00,137.55,137.6,137.55,137.6,76.0
2019-12-09 03:03:00,137.45,137.45,137.4,137.4,244.0
2019-12-09 03:02:00,137.45,137.45,137.45,137.45,206.0
2019-12-09 03:01:00,137.3555,137.6317,137.2814,137.5055,1576.0
2019-12-09 03:00:00,137.25,137.36,137.21,137.35,0.0
